1,2,3,4,5,6,7,8,9,10,11,12,13,14,15,16,17,18,19,20,21,22,23,24,25,26,27,28,29,30,31,32,33,34,35,36,37,38,39,40,41,42,43,44,45,46,47,48,49,50,51,52,53,54,55,56,57,58,59,60,61,62,63,64,65,66,67,68,69,70,71,72,73,74,75,76,77,78,79,80,stress_score
0.636246787,0.848329049,0.877249357,0.906169666,0.732647815,0.713367609,0.694087404,0.848329049,0.838688946,0.829048843,0.751928021,0.867609254,0.906169666,0.935089974,0.964010283,0.906169666,0.944730077,0.877249357,0.809768638,0.88688946,0.925449871,0.983290488,0.95437018,0.925449871,0.983290488,0.983290488,0.915809769,0.848329049,0.906169666,0.925449871,0.636246787,0.800128535,0.964010283,0.559125964,0.501285347,0.57840617,0.57840617,0.829048843,0.925449871,0.790488432,0.867609254,0.867609254,0.867609254,0.88688946,0.964010283,0.848329049,0.867609254,0.848329049,0.88688946,0.694087404,0.848329049,0.88688946,0.829048843,0.867609254,0.906169666,0.925449871,0.88688946,0.944730077,0.983290488,0.829048843,0.88688946,0.964010283,0.964010283,0.964010283,1.0218509,0.896529563,0.771208226,0.896529563,0.843508997,0.790488432,0.915809769,1.026670951,1.024260925,0.868814267,0.713367609,0.761568123,0.809768638,0.906169666,0.964010283,0.964010283,6
1.013960323,0.991917708,1.002939015,0.975385746,0.947832476,0.881704629,0.881704629,0.793534166,0.947832476,0.881704629,0.914768553,0.947832476,1.002939015,1.008449669,1.011204996,1.001561352,0.991917708,0.969875092,0.991917708,0.991917708,0.991917708,0.881704629,0.969875092,0.738427627,0.506980162,0.495958854,0.545554739,0.595150625,0.77149155,0.947832476,0.92578986,0.815576782,0.947832476,0.92578986,0.969875092,0.92578986,0.92578986,0.947832476,0.815576782,0.903747245,0.881704629,0.77149155,0.793534166,0.837619398,0.859662013,0.881704629,0.815576782,0.77149155,0.837619398,0.77149155,0.77149155,0.859662013,0.793534166,0.793534166,0.77149155,0.727406319,0.683321087,0.859662013,0.61719324,0.661278472,0.749448935,0.837619398,0.837619398,0.881704629,0.881704629,0.749448935,0.815576782,0.77149155,0.859662013,0.859662013,0.793534166,0.727406319,0.859662013,0.837619398,0.947832476,0.793534166,0.793534166,0.881704629,0.903747245,0.947832476,16
0.392841554,0.549978175,0.589262331,0.530336098,0.530336098,0.549978175,0.589262331,0.746398952,0.648188564,0.687472719,0.785683108,0.844609341,0.76604103,0.785683108,0.76604103,0.824967263,0.805325186,0.667830642,0.726756875,0.648188564,0.746398952,0.667830642,0.628546486,0.687472719,0.746398952,0.726756875,0.648188564,0.628546486,0.549978175,0.569620253,0.569620253,0.687472719,0.687472719,0.785683108,0.824967263,0.824967263,0.746398952,0.707114797,0.707114797,0.667830642,0.726756875,0.648188564,0.687472719,0.687472719,0.746398952,0.746398952,0.76604103,0.726756875,0.805325186,0.687472719,0.549978175,0.648188564,0.667830642,0.667830642,0.628546486,0.687472719,0.667830642,0.687472719,0.707114797,0.805325186,0.785683108,0.569620253,0.628546486,0.76604103,0.824967263,0.687472719,0.667830642,0.648188564,0.667830642,0.785683108,0.805325186,0.726756875,0.785683108,0.805325186,0.746398952,0.687472719,0.687472719,0.687472719,0.667830642,0.628546486,20
0.659793814,0.680412371,0.659793814,0.639175258,0.680412371,0.639175258,0.659793814,0.639175258,0.618556701,0.680412371,0.639175258,0.556701031,0.597938144,0.659793814,0.639175258,0.721649485,0.597938144,0.639175258,0.701030928,0.701030928,0.721649485,0.639175258,0.618556701,0.618556701,0.659793814,0.701030928,0.701030928,0.721649485,0.597938144,0.639175258,0.680412371,0.701030928,0.618556701,0.701030928,0.639175258,0.556701031,0.639175258,0.597938144,0.639175258,0.618556701,0.597938144,0.536082474,0.556701031,0.577319588,0.577319588,0.577319588,0.618556701,0.680412371,0.639175258,0.618556701,0.639175258,0.597938144,0.639175258,0.659793814,0.577319588,0.577319588,0.536082474,0.577319588,0.597938144,0.556701031,0.536082474,0.556701031,0.556701031,0.556701031,0.515463918,0.556701031,0.659793814,0.804123711,0.618556701,0.659793814,0.597938144,0.659793814,0.659793814,0.618556701,0.618556701,0.577319588,0.659793814,0.659793814,0.680412371,0.659793814,18
0.79134981,0.887595057,0.983840304,0.898288973,0.898288973,0.983840304,1.015922053,0.96779943,0.919676806,0.919676806,0.898288973,1.005228137,0.983840304,0.962452471,0.919676806,0.705798479,0.898288973,0.919676806,0.90898289,0.898288973,0.898288973,0.641634981,0.802043726,0.962452471,0.55608365,0.748574144,0.941064639,0.941064639,0.941064639,0.983840304,0.941064639,0.898288973,0.79134981,0.941064639,0.716492395,0.61490019,0.513307985,0.641634981,0.823431559,0.860860266,0.898288973,0.941064639,0.898288973,0.941064639,0.983840304,0.962452471,0.898288973,0.941064639,0.962452471,0.962452471,0.941064639,0.941064639,0.620247148,0.79134981,0.962452471,0.812737643,0.898288973,0.79134981,0.609553232,0.73253327,0.855513308,0.855513308,0.941064639,0.812737643,0.577471483,0.737880228,0.898288973,0.876901141,0.876901141,0.898288973,0.898288973,0.812737643,0.79134981,0.812737643,0.769961977,0.898288973,0.812737643,0.769961977,0.769961977,0.855513308,14
0.552021808,0.960926851,0.920036347,0.776919582,0.817810086,0.879145843,0.920036347,0.899591095,0.776919582,0.736029078,0.736029078,0.817810086,0.776919582,0.879145843,0.981372104,0.981372104,0.879145843,0.797364834,0.858700591,0.960926851,0.776919582,0.592912313,0.858700591,0.940481599,0.552021808,0.828032712,0.884257156,0.940481599,0.940481599,0.715583826,0.920036347,0.776919582,0.633802817,0.766696956,0.899591095,0.552021808,0.879145843,0.960926851,0.940481599,0.858700591,0.879145843,0.981372104,0.633802817,0.80758746,0.981372104,0.879145843,0.838255338,0.776919582,0.940481599,0.817810086,0.879145843,0.899591095,0.899591095,0.899591095,0.858700591,0.57246706,0.531576556,0.4702408,0.623580191,0.776919582,0.75647433,0.75647433,0.817810086,0.879145843,0.695138573,0.817810086,0.940481599,0.817810086,0.776919582,0.817810086,0.858700591,0.797364834,0.838255338,0.736029078,0.879145843,0.797364834,0.776919582,0.75647433,0.817810086,0.817810086,26
0.417218543,0.536423841,0.655629139,0.814569536,0.973509934,0.655629139,0.685430464,0.715231788,0.834437086,0.953642384,0.933774834,0.993377483,0.695364238,0.824503311,0.953642384,0.993377483,0.635761589,0.814569536,0.993377483,0.913907285,0.814569536,0.715231788,0.675496689,0.635761589,0.814569536,0.993377483,0.933774834,0.973509934,0.834437086,0.90397351,0.973509934,0.953642384,0.973509934,0.556291391,0.784768212,0.879139073,0.973509934,0.635761589,0.645695364,0.655629139,0.784768212,0.913907285,0.953642384,0.695364238,0.635761589,0.57615894,0.61589404,0.655629139,0.645695364,0.635761589,0.804635762,0.973509934,0.913907285,0.953642384,0.933774834,0.874172185,0.655629139,0.824503311,0.993377483,0.993377483,0.933774834,0.993377483,0.963576159,0.933774834,0.913907285,0.993377483,0.973509934,0.913907285,0.993377483,0.993377483,0.894039735,0.874172185,0.953642384,0.834437086,0.953642384,0.933774834,0.913907285,0.894039735,0.894039735,0.933774834,16
0.871369295,0.767634855,0.788381743,0.643153527,0.788381743,0.767634855,0.829875519,0.809128631,0.788381743,0.829875519,0.850622407,0.788381743,0.767634855,0.850622407,0.788381743,0.850622407,0.871369295,0.829875519,0.809128631,0.933609959,0.995850622,0.954356846,0.912863071,0.954356846,0.995850622,0.96473029,0.933609959,0.829875519,0.954356846,0.975103734,0.912863071,0.726141079,0.809128631,0.829875519,0.912863071,0.995850622,0.850622407,0.788381743,0.788381743,0.912863071,0.975103734,0.809128631,0.912863071,0.954356846,0.975103734,0.871369295,0.767634855,0.912863071,0.954356846,0.778008299,0.601659751,0.933609959,0.871369295,0.954356846,0.975103734,0.943983402,0.912863071,0.912863071,0.933609959,0.96473029,0.995850622,0.726141079,0.850622407,0.933609959,0.975103734,0.705394191,0.726141079,0.871369295,0.912863071,0.788381743,0.705394191,0.954356846,0.975103734,0.829875519,0.746887967,0.829875519,0.933609959,0.912863071,0.788381743,0.726141079,26
0.440559441,0.86013986,0.797202797,0.776223776,0.776223776,0.797202797,0.818181818,0.755244755,0.566433566,0.713286713,0.86013986,0.713286713,0.755244755,0.734265734,0.797202797,0.776223776,0.776223776,0.797202797,0.818181818,0.839160839,0.797202797,0.839160839,0.902097902,0.902097902,0.734265734,0.776223776,0.839160839,0.818181818,0.839160839,0.818181818,0.797202797,0.797202797,0.839160839,0.944055944,0.839160839,0.734265734,0.734265734,0.755244755,0.818181818,0.797202797,0.755244755,0.839160839,0.797202797,0.776223776,0.86013986,0.797202797,0.818181818,0.818181818,0.902097902,0.713286713,0.86013986,0.797202797,0.818181818,0.797202797,0.713286713,0.86013986,0.839160839,0.839160839,0.86013986,0.755244755,0.755244755,0.713286713,0.776223776,0.797202797,0.923076923,0.755244755,0.839160839,0.818181818,0.797202797,0.713286713,0.734265734,0.818181818,0.755244755,0.734265734,0.797202797,0.755244755,0.755244755,0.818181818,0.797202797,0.671328671,12
0.440662159,0.430170203,0.571811611,0.713453019,0.692469107,0.734436932,0.577057589,0.634763348,0.692469107,0.692469107,0.650501282,0.755420844,0.692469107,0.713453019,0.839356493,0.797388669,0.965259967,0.860340406,0.860340406,0.755420844,0.776404756,0.62951737,0.713453019,0.671485195,0.881324318,0.90230823,0.944276055,0.881324318,0.90230823,0.776404756,0.881324318,0.881324318,0.839356493,0.797388669,0.797388669,0.797388669,0.797388669,0.818372581,0.776404756,0.839356493,0.860340406,0.860340406,0.671485195,0.776404756,0.797388669,0.713453019,0.734436932,0.692469107,0.776404756,0.692469107,0.755420844,0.734436932,0.818372581,0.692469107,0.776404756,0.692469107,0.650501282,0.650501282,0.692469107,0.62951737,0.650501282,0.755420844,0.671485195,0.713453019,0.755420844,0.755420844,0.734436932,0.713453019,0.839356493,0.713453019,0.755420844,0.713453019,0.755420844,0.776404756,0.797388669,0.776404756,0.734436932,0.755420844,0.755420844,0.734436932,6
1.037158984,1.037158984,0.952492944,0.867826905,0.931326435,0.952492944,0.994825964,0.94190969,0.888993415,0.783160865,0.719661336,0.804327375,0.952492944,0.973659454,0.994825964,0.994825964,1.005409219,0.978951082,0.952492944,0.910159925,0.825493885,0.952492944,0.846660395,0.931326435,0.963076199,0.994825964,0.867826905,0.804327375,0.846660395,0.888993415,0.846660395,0.910159925,0.867826905,0.867826905,0.994825964,0.888993415,0.910159925,0.931326435,1.005409219,0.968367827,0.931326435,0.888993415,0.952492944,0.910159925,0.952492944,0.931326435,0.952492944,0.825493885,0.888993415,0.846660395,0.910159925,0.952492944,0.888993415,0.740827846,0.783160865,0.804327375,0.825493885,0.783160865,0.825493885,0.761994356,0.804327375,0.698494826,0.677328316,0.656161806,0.677328316,0.550329257,0.613828786,0.677328316,0.719661336,0.719661336,0.634995296,0.761994356,0.910159925,0.910159925,0.761994356,0.698494826,0.677328316,0.719661336,0.592662277,0.550329257,14
0.906801008,0.803755439,0.844973666,0.803755439,0.906801008,0.886191894,0.886191894,0.844973666,0.927410121,0.86558278,0.824364552,0.844973666,0.762537211,0.680100756,0.844973666,0.844973666,0.906801008,0.948019235,0.803755439,0.844973666,0.824364552,0.927410121,0.886191894,0.86558278,0.886191894,0.948019235,0.906801008,0.886191894,0.886191894,0.927410121,0.906801008,0.844973666,0.906801008,0.844973666,0.803755439,0.783146325,0.824364552,0.927410121,0.783146325,0.948019235,0.844973666,0.824364552,0.762537211,0.927410121,0.86558278,0.86558278,0.86558278,0.886191894,0.886191894,0.844973666,0.927410121,0.989237463,0.844973666,0.844973666,0.783146325,0.948019235,0.690405313,0.726471262,0.762537211,0.906801008,0.906801008,0.844973666,0.86558278,0.762537211,0.721318983,0.948019235,0.989237463,0.86558278,0.906801008,0.86558278,0.906801008,0.886191894,0.86558278,0.824364552,0.906801008,0.927410121,0.762537211,0.948019235,0.948019235,0.886191894,26
0.907345175,0.885741719,0.928948632,0.842534806,0.820931349,0.842534806,0.864138262,0.820931349,0.777724436,0.864138262,0.799327892,0.864138262,0.907345175,0.777724436,0.885741719,0.950552088,0.864138262,0.885741719,0.799327892,0.885741719,0.799327892,0.950552088,0.777724436,0.842534806,0.820931349,0.885741719,0.950552088,0.907345175,0.885741719,0.799327892,0.820931349,0.799327892,0.885741719,0.842534806,0.756120979,0.885741719,0.820931349,0.907345175,0.864138262,0.885741719,0.842534806,0.885741719,0.907345175,0.885741719,0.864138262,0.799327892,0.820931349,0.864138262,0.864138262,0.842534806,0.842534806,0.820931349,0.864138262,0.820931349,0.928948632,0.928948632,0.820931349,0.907345175,0.864138262,0.842534806,0.820931349,0.777724436,0.820931349,0.842534806,0.820931349,0.777724436,0.864138262,0.777724436,0.799327892,0.864138262,0.734517523,0.777724436,0.799327892,0.842534806,0.799327892,0.777724436,0.777724436,0.820931349,0.777724436,0.799327892,12
0.676229508,0.845286885,0.945184426,0.949026639,0.952868852,0.983606557,0.952868852,0.922131148,0.952868852,0.983606557,0.922131148,0.922131148,0.891393443,0.860655738,0.860655738,0.860655738,0.860655738,0.952868852,0.891393443,0.983606557,0.799180328,0.983606557,0.922131148,0.860655738,0.922131148,0.922131148,0.891393443,0.952868852,0.860655738,0.891393443,0.891393443,0.891393443,0.952868852,0.983606557,0.860655738,0.860655738,0.983606557,0.860655738,0.891393443,0.829918033,0.922131148,0.891393443,0.891393443,0.891393443,0.952868852,0.922131148,0.829918033,0.891393443,0.922131148,0.922131148,0.860655738,0.829918033,0.922131148,0.891393443,0.860655738,0.922131148,0.860655738,0.860655738,0.983606557,0.799180328,0.952868852,0.860655738,0.829918033,0.891393443,0.891393443,0.922131148,0.860655738,0.737704918,0.829918033,0.922131148,0.768442623,0.860655738,0.799180328,0.829918033,0.922131148,0.891393443,0.799180328,0.829918033,0.860655738,0.799180328,16
0.561272217,0.729653882,0.617399439,0.533208606,0.589335828,0.64546305,0.533208606,0.617399439,0.533208606,0.785781104,0.67352666,0.561272217,0.589335828,0.813844715,0.743685688,0.67352666,0.505144995,0.687558466,0.869971936,0.701590271,0.533208606,0.561272217,0.771749298,0.98222638,0.64546305,0.533208606,0.505144995,0.617399439,0.785781104,0.954162769,0.898035547,0.841908326,0.898035547,0.898035547,0.898035547,0.869971936,0.954162769,1.024321796,0.820860617,0.617399439,0.561272217,0.505144995,0.561272217,0.785781104,0.968194574,0.778765201,0.589335828,0.533208606,0.82787652,0.919083255,0.754209542,0.589335828,0.505144995,0.799812909,0.933115061,0.985734331,0.745439663,0.505144995,0.561272217,0.82787652,0.933115061,0.943638915,0.954162769,1.010289991,0.954162769,0.898035547,0.729653882,0.561272217,0.533208606,0.98222638,0.64546305,0.561272217,0.785781104,0.912067353,1.003274088,0.908559401,0.813844715,0.926099158,0.954162769,0.98222638,10
0.839498231,0.810550016,0.95529109,0.926342876,0.723705372,0.752653586,0.810550016,0.897394661,0.839498231,0.694757157,0.781601801,0.723705372,0.781601801,0.810550016,0.897394661,0.839498231,0.897394661,0.781601801,0.810550016,0.752653586,0.839498231,0.810550016,0.752653586,0.781601801,0.868446446,0.868446446,0.868446446,0.897394661,0.868446446,0.839498231,0.926342876,0.810550016,0.694757157,0.723705372,0.781601801,0.752653586,0.752653586,0.810550016,0.969765198,0.788838855,0.607912512,0.636860727,0.578964297,0.636860727,0.723705372,0.694757157,0.636860727,0.607912512,0.665808942,0.665808942,0.665808942,0.607912512,0.694757157,0.665808942,0.723705372,0.723705372,0.752653586,0.694757157,0.694757157,0.723705372,0.578964297,0.665808942,0.636860727,0.694757157,0.781601801,0.781601801,0.839498231,0.810550016,0.839498231,0.694757157,0.694757157,0.723705372,0.723705372,0.723705372,0.723705372,0.752653586,0.723705372,0.781601801,0.839498231,0.752653586,14
0.81715717,0.845335003,0.873512837,0.619912336,0.676268003,0.81715717,0.760801503,0.788979336,0.81715717,0.929868503,0.90169067,0.845335003,0.90169067,0.887601753,0.873512837,0.90169067,0.958046337,0.98622417,0.873512837,0.90169067,0.929868503,0.958046337,0.81715717,0.98622417,0.958046337,0.788979336,0.98622417,0.958046337,0.90169067,0.788979336,0.788979336,0.845335003,0.81715717,0.788979336,0.929868503,0.873512837,0.873512837,0.90169067,0.929868503,0.81715717,0.873512837,0.90169067,0.929868503,0.760801503,0.788979336,0.845335003,0.873512837,0.788979336,0.760801503,0.958046337,0.90169067,0.873512837,0.873512837,0.94395742,0.894646212,0.845335003,0.958046337,0.915779587,0.873512837,0.873512837,0.90169067,0.873512837,0.81715717,0.81715717,0.845335003,0.788979336,0.788979336,0.81715717,0.788979336,0.760801503,0.873512837,0.788979336,0.760801503,0.81715717,0.81715717,0.81715717,0.704445836,0.788979336,0.929868503,0.845335003,22
1.0125,0.928125,0.9,0.9,0.928125,0.928125,0.928125,0.95625,0.984375,0.9,0.95625,0.9,0.84375,0.928125,0.9140625,0.9,0.95625,0.815625,0.703125,0.9703125,0.89296875,0.815625,0.675,0.675,0.646875,0.646875,0.703125,0.675,0.61875,0.703125,0.675,0.7875,0.703125,0.815625,0.759375,0.815625,0.9,0.84375,0.7875,0.84375,0.871875,0.759375,0.759375,0.84375,0.61875,0.871875,0.675,0.759375,0.928125,0.73125,0.534375,0.871875,0.815625,0.7875,0.703125,0.759375,0.84375,0.759375,0.7875,0.815625,0.871875,0.759375,0.9,0.871875,0.759375,0.703125,0.84375,0.7875,0.7875,0.815625,0.928125,0.871875,0.815625,0.871875,0.7875,0.84375,0.7875,0.815625,0.759375,0.759375,12
0.674157303,0.730337079,0.674157303,0.646067416,0.786516854,0.674157303,0.814606742,0.758426966,0.730337079,0.730337079,0.674157303,0.674157303,0.758426966,0.730337079,0.730337079,0.758426966,0.758426966,0.702247191,0.674157303,0.702247191,0.674157303,0.674157303,0.674157303,0.617977528,0.702247191,0.786516854,0.730337079,0.617977528,0.702247191,0.617977528,0.646067416,0.617977528,0.58988764,0.617977528,0.646067416,0.674157303,0.674157303,0.702247191,0.786516854,0.758426966,0.730337079,0.702247191,0.702247191,0.646067416,0.617977528,0.646067416,0.58988764,0.561797753,0.646067416,0.730337079,0.758426966,0.758426966,0.758426966,0.758426966,0.758426966,0.674157303,0.702247191,0.702247191,0.730337079,0.617977528,0.646067416,0.702247191,0.758426966,0.758426966,0.842696629,0.814606742,0.814606742,0.95505618,0.842696629,0.814606742,0.814606742,0.758426966,0.758426966,0.702247191,0.814606742,0.814606742,0.730337079,0.786516854,0.814606742,0.786516854,18
1.222826087,1.236413043,1.202445652,1.185461957,1.217730978,1.15234375,1.146824049,1.239172894,1.23099949,1.254086702,1.29280422,1.217054284,1.301461925,1.302904875,1.262865481,1.215671871,1.246422892,1.125928837,1.201551375,0.913275688,0.625,0.597826087,0.543478261,0.679347826,0.543478261,0.760869565,0.679347826,0.597826087,0.597826087,0.543478261,0.625,0.97826087,0.570652174,0.570652174,0.9375,0.754076087,0.570652174,0.652173913,0.828804348,0.658967391,0.614809783,0.570652174,0.788043478,0.964673913,1.066576087,1.076766304,1.136209239,1.15234375,1.078889266,1.069335938,1.023798404,0.97826087,1.032608696,1.100543478,1.05298913,1.029211957,1.085258152,1.058933424,1.04577106,1.025602921,1.042692765,1.0784116,1.014749278,0.951086957,0.869565217,0.97826087,1.032608696,1.005434783,0.97826087,1.086956522,1.100543478,1.09375,0.995244565,0.89673913,0.543478261,0.516304348,0.557065217,0.597826087,0.570652174,0.828804348,14
0.532670455,0.639204545,0.596590909,0.553977273,0.660511364,0.596590909,0.660511364,0.660511364,0.617897727,0.745738636,0.703125,0.617897727,0.703125,0.703125,0.703125,0.596590909,0.660511364,0.660511364,0.724431818,0.681818182,0.575284091,0.681818182,0.724431818,0.681818182,0.596590909,0.617897727,0.660511364,0.660511364,0.617897727,0.575284091,0.660511364,0.681818182,0.703125,0.681818182,0.639204545,0.681818182,0.681818182,0.617897727,0.681818182,0.745738636,0.724431818,0.639204545,0.703125,0.767045455,0.745738636,0.745738636,0.703125,0.745738636,0.703125,0.681818182,0.703125,0.745738636,0.767045455,0.745738636,0.703125,0.703125,0.724431818,0.724431818,0.596590909,0.724431818,0.745738636,0.788352273,0.703125,0.703125,0.745738636,0.745738636,0.681818182,0.724431818,0.724431818,0.724431818,0.703125,0.830965909,0.788352273,0.809659091,0.681818182,0.788352273,0.703125,0.681818182,0.724431818,0.639204545,18
0.556414219,0.526606315,0.720357695,0.914109075,0.814749393,0.854493266,0.894237138,0.834621329,0.834621329,0.834621329,0.834621329,0.854493266,0.834621329,0.874365202,0.814749393,0.814749393,0.755133584,0.675645838,0.655773902,0.675645838,0.735261647,0.695517774,0.655773902,0.715389711,0.735261647,0.695517774,0.675645838,0.695517774,0.755133584,0.77500552,0.715389711,0.675645838,0.735261647,0.77500552,0.735261647,0.655773902,0.695517774,0.755133584,0.695517774,0.735261647,0.735261647,0.675645838,0.735261647,0.715389711,0.715389711,0.675645838,0.616030029,0.655773902,0.655773902,0.635901965,0.675645838,0.695517774,0.616030029,0.635901965,0.655773902,0.576286156,0.556414219,0.556414219,0.616030029,0.556414219,0.576286156,0.536542283,0.616030029,0.576286156,0.576286156,0.576286156,0.635901965,0.635901965,0.675645838,0.596158092,0.596158092,0.616030029,0.655773902,0.675645838,0.655773902,0.735261647,0.735261647,0.755133584,0.695517774,0.635901965,18
0.818945404,0.839944004,0.923938404,0.860942604,0.902939804,0.860942604,0.797946804,0.881941204,0.818945404,0.839944004,0.818945404,0.839944004,0.818945404,0.860942604,0.860942604,0.860942604,0.839944004,0.902939804,0.902939804,0.860942604,0.839944004,0.797946804,0.818945404,0.692953803,0.755949603,0.734951003,0.776948203,0.776948203,0.692953803,0.797946804,0.776948203,0.734951003,0.755949603,0.734951003,0.776948203,0.776948203,0.755949603,0.755949603,0.797946804,0.818945404,0.797946804,0.860942604,0.755949603,0.734951003,0.755949603,0.692953803,0.692953803,0.755949603,0.797946804,0.734951003,0.755949603,0.692953803,0.734951003,0.818945404,0.734951003,0.524965002,0.776948203,0.608959403,0.545963602,0.797946804,0.587960803,0.734951003,0.818945404,0.713952403,0.797946804,0.776948203,0.734951003,0.776948203,0.839944004,0.839944004,0.860942604,0.818945404,0.881941204,0.902939804,0.818945404,0.755949603,0.713952403,0.692953803,0.671955203,0.692953803,14
0.455801105,0.849447514,1.004834254,1.103245856,1.152451657,1.177054558,1.147919544,1.102274689,0.882629057,0.662983425,0.694060773,0.725138122,0.714779006,0.70441989,0.714779006,0.725138122,0.85980663,0.994475138,0.642265193,0.828729282,0.714779006,0.600828729,0.611187845,0.621546961,0.621546961,0.621546961,0.590469613,0.559392265,0.600828729,0.642265193,0.538674033,0.683701657,0.694060773,0.70441989,0.611187845,0.517955801,0.559392265,0.590469613,0.621546961,0.80801105,0.994475138,0.953038674,0.642265193,0.600828729,0.559392265,0.75621547,0.953038674,0.600828729,0.569751381,0.538674033,0.569751381,0.600828729,0.818370166,0.9375,0.934910221,0.932320442,0.662983425,0.662983425,0.662983425,0.662983425,0.662983425,0.538674033,0.580110497,0.621546961,0.662983425,0.631906077,0.600828729,0.642265193,0.683701657,0.517955801,0.662983425,0.652624309,0.642265193,0.642265193,0.642265193,0.662983425,0.683701657,0.662983425,0.642265193,0.673342541,26
0.769057792,0.870249606,0.890487969,0.890487969,0.890487969,0.809534518,0.829772881,0.829772881,0.789296155,0.809534518,0.769057792,0.870249606,0.809534518,0.809534518,0.829772881,0.769057792,0.809534518,0.769057792,0.769057792,0.769057792,0.809534518,0.789296155,0.769057792,0.809534518,0.809534518,0.708342703,0.789296155,0.769057792,0.505959074,0.809534518,0.850011244,0.890487969,0.910726332,0.809534518,0.809534518,0.829772881,0.870249606,0.809534518,0.809534518,0.829772881,0.769057792,0.809534518,0.748819429,0.829772881,0.789296155,0.809534518,0.728581066,0.748819429,0.708342703,0.789296155,0.789296155,0.789296155,0.789296155,0.728581066,0.789296155,0.728581066,0.769057792,0.809534518,0.748819429,0.769057792,0.809534518,0.728581066,0.809534518,0.769057792,0.789296155,0.809534518,0.708342703,0.748819429,0.728581066,0.728581066,0.809534518,0.809534518,0.809534518,0.748819429,0.809534518,0.870249606,0.850011244,0.829772881,0.870249606,0.829772881,10
0.853282768,0.725290353,0.853282768,0.746622422,0.565299834,0.666627163,0.767954492,0.874614838,0.767954492,0.746622422,0.789286561,0.831950699,0.767954492,0.789286561,0.789286561,0.81061863,0.767954492,0.725290353,0.703958284,0.746622422,0.767954492,0.746622422,0.746622422,0.682626215,0.789286561,0.746622422,0.81061863,0.682626215,0.789286561,0.725290353,0.725290353,0.746622422,0.725290353,0.725290353,0.767954492,0.81061863,0.703958284,0.789286561,0.703958284,0.703958284,0.618630007,0.661294146,0.703958284,0.746622422,0.81061863,0.703958284,0.831950699,0.81061863,0.874614838,0.831950699,0.938611045,0.874614838,0.767954492,0.575965869,0.703958284,0.831950699,0.917278976,0.746622422,0.895946907,0.831950699,0.853282768,0.874614838,0.874614838,0.789286561,0.725290353,0.874614838,0.874614838,0.725290353,0.853282768,0.917278976,0.767954492,0.746622422,0.81061863,0.789286561,0.767954492,0.746622422,0.767954492,0.767954492,0.789286561,0.81061863,18
0.422252011,0.623324397,0.58310992,0.643431635,0.643431635,0.542895442,0.623324397,0.542895442,0.542895442,0.563002681,0.522788204,0.542895442,0.563002681,0.522788204,0.563002681,0.643431635,0.58310992,0.603217158,0.683646113,0.683646113,0.603217158,0.522788204,0.623324397,0.58310992,0.58310992,0.522788204,0.522788204,0.522788204,0.563002681,0.542895442,0.58310992,0.563002681,0.743967828,0.743967828,0.703753351,0.683646113,0.683646113,0.603217158,0.58310992,0.542895442,0.542895442,0.542895442,0.542895442,0.542895442,0.563002681,0.643431635,0.623324397,0.643431635,0.663538874,0.683646113,0.683646113,0.643431635,0.643431635,0.563002681,0.5730563,0.58310992,0.58310992,0.542895442,0.603217158,0.603217158,0.663538874,0.703753351,0.643431635,0.663538874,0.623324397,0.603217158,0.603217158,0.563002681,0.522788204,0.563002681,0.522788204,0.563002681,0.603217158,0.623324397,0.643431635,0.623324397,0.522788204,0.72386059,0.924932976,0.623324397,14
0.76871207,0.829399865,0.829399865,0.84962913,0.84962913,0.748482805,0.748482805,0.8091706,0.76871207,0.788941335,0.829399865,0.788941335,0.68779501,0.76871207,0.788941335,0.8091706,0.788941335,0.788941335,0.869858395,0.708024275,0.748482805,0.68779501,0.72825354,0.708024275,0.76871207,0.788941335,0.84962913,0.84962913,0.8091706,0.8091706,0.72825354,0.8091706,0.76871207,0.76871207,0.829399865,0.8091706,0.748482805,0.72825354,0.667565745,0.708024275,0.616992583,0.52596089,0.84962913,0.76871207,0.56641942,0.64733648,0.708024275,0.72825354,0.76871207,0.788941335,0.708024275,0.546190155,0.667565745,0.586648685,0.616992583,0.64733648,0.708024275,0.829399865,0.788941335,0.76871207,0.72825354,0.748482805,0.748482805,0.788941335,0.788941335,0.788941335,0.72825354,0.627107215,0.708024275,0.72825354,0.748482805,0.708024275,0.829399865,0.788941335,0.748482805,0.8091706,0.788941335,0.68779501,0.627107215,0.667565745,2
0.818890815,0.682409012,0.740901213,0.896880416,0.818890815,0.682409012,0.721403813,0.701906412,0.838388215,0.896880416,0.896880416,0.760398614,0.857885615,0.955372617,0.916377816,0.760398614,0.857885615,0.877383016,0.633665511,0.677534662,0.721403813,0.799393414,0.721403813,0.701906412,0.643414211,0.799393414,0.682409012,0.740901213,0.643414211,0.760398614,0.623916811,0.643414211,0.740901213,0.721403813,0.760398614,0.643414211,0.604419411,0.682409012,0.701906412,0.604419411,0.58492201,0.643414211,0.623916811,0.662911612,0.682409012,0.701906412,0.604419411,0.623916811,0.818890815,0.779896014,0.682409012,0.779896014,0.896880416,0.760398614,0.799393414,0.877383016,0.955372617,0.818890815,0.779896014,0.721403813,0.721403813,0.662911612,0.721403813,0.760398614,0.818890815,0.838388215,0.760398614,0.58492201,0.682409012,0.779896014,0.838388215,0.838388215,0.916377816,0.857885615,0.896880416,0.760398614,0.857885615,0.838388215,0.760398614,0.818890815,16
0.361675127,0.361675127,0.38071066,0.561548223,0.742385787,0.704314721,0.532994924,0.609137056,0.685279188,0.57106599,0.475888325,0.456852792,0.609137056,0.76142132,0.799492386,0.780456853,0.76142132,0.599619289,0.651967005,0.704314721,0.723350254,0.742385787,0.704314721,0.685279188,0.666243655,0.704314721,0.76142132,0.704314721,0.742385787,0.780456853,0.780456853,0.818527919,0.742385787,0.780456853,0.76142132,0.685279188,0.666243655,0.704314721,0.742385787,0.685279188,0.723350254,0.647208122,0.523477157,0.604378173,0.685279188,0.799492386,0.704314721,0.685279188,0.666243655,0.666243655,0.647208122,0.628172589,0.628172589,0.57106599,0.513959391,0.57106599,0.552030457,0.532994924,0.552030457,0.609137056,0.742385787,0.818527919,0.780456853,0.742385787,0.704314721,0.780456853,0.685279188,0.628172589,0.666243655,0.723350254,0.666243655,0.666243655,0.742385787,0.723350254,0.647208122,0.647208122,0.723350254,0.704314721,0.628172589,0.647208122,12
0.800889878,0.780867631,0.640711902,0.500556174,0.760845384,0.860956618,0.780867631,0.840934372,0.800889878,0.740823137,0.760845384,0.760845384,0.72080089,0.780867631,0.840934372,0.901001112,0.921023359,0.921023359,0.921023359,0.991101224,0.996106785,0.978587319,0.961067853,0.840934372,0.760845384,0.800889878,0.890989989,0.9810901,0.901001112,0.921023359,0.800889878,0.880978865,0.921023359,0.921023359,0.880978865,0.840934372,0.840934372,0.760845384,0.620689655,0.500556174,0.52057842,0.500556174,0.560622914,0.860956618,0.901001112,0.860956618,0.840934372,0.72080089,0.800889878,0.860956618,0.820912125,0.901001112,0.840934372,0.860956618,0.840934372,0.901001112,0.860956618,0.860956618,0.800889878,0.72080089,0.840934372,0.800889878,0.800889878,0.921023359,0.800889878,0.941045606,0.820912125,0.840934372,0.740823137,0.800889878,0.72080089,0.800889878,0.780867631,0.860956618,0.760845384,0.780867631,0.780867631,0.72080089,0.660734149,0.760845384,16
0.760273973,0.883561644,0.780821918,0.780821918,0.801369863,0.842465753,0.780821918,0.821917808,0.760273973,0.801369863,0.821917808,0.821917808,0.780821918,0.760273973,0.821917808,0.842465753,0.698630137,0.801369863,0.760273973,0.760273973,0.821917808,0.780821918,0.739726027,0.780821918,0.780821918,0.801369863,0.678082192,0.678082192,0.616438356,0.51369863,0.657534247,0.698630137,0.698630137,0.760273973,0.780821918,0.801369863,0.760273973,0.739726027,0.719178082,0.739726027,0.760273973,0.739726027,0.780821918,0.780821918,0.760273973,0.760273973,0.780821918,0.760273973,0.719178082,0.698630137,0.739726027,0.760273973,0.636986301,0.719178082,0.780821918,0.760273973,0.821917808,0.801369863,0.678082192,0.801369863,0.801369863,0.780821918,0.739726027,0.760273973,0.760273973,0.780821918,0.780821918,0.739726027,0.719178082,0.678082192,0.780821918,0.842465753,0.801369863,0.821917808,0.780821918,0.739726027,0.780821918,0.636986301,0.739726027,0.678082192,14
0.707070707,0.96969697,0.949494949,0.888888889,0.767676768,0.727272727,0.848484848,0.868686869,0.848484848,0.747474747,0.747474747,0.767676768,0.686868687,0.727272727,0.787878788,0.666666667,0.686868687,0.727272727,0.707070707,0.747474747,0.848484848,0.868686869,0.767676768,0.848484848,0.808080808,0.868686869,0.888888889,0.626262626,0.757575758,0.888888889,0.929292929,0.646464646,0.787878788,0.929292929,0.606060606,0.767676768,0.929292929,0.585858586,0.797979798,0.843434343,0.888888889,0.747474747,0.888888889,0.888888889,0.98989899,0.565656566,0.646464646,0.727272727,0.727272727,0.828282828,0.848484848,0.949494949,0.565656566,0.595959596,0.626262626,0.787878788,0.949494949,0.868686869,0.666666667,0.585858586,0.545454545,0.686868687,0.686868687,0.818181818,0.949494949,1,1.035353535,1.042929293,1.056818182,1.023358586,0.98989899,0.909090909,0.787878788,0.707070707,0.808080808,0.909090909,0.949494949,0.98989899,0.929292929,0.939393939,22
0.932979749,0.81364513,0.694310511,0.629218901,0.672613308,0.716007715,0.802796528,0.694310511,0.824493732,0.802796528,0.911282546,0.781099325,0.846190935,0.867888139,0.867888139,0.846190935,0.802796528,0.802796528,0.846190935,0.889585342,0.824493732,0.932979749,0.954676953,0.911282546,0.867888139,0.867888139,0.911282546,0.976374156,0.911282546,0.932979749,0.99807136,0.976374156,0.954676953,0.932979749,0.867888139,0.867888139,0.976374156,0.99807136,0.911282546,0.911282546,0.976374156,0.987222758,0.99807136,0.911282546,0.965525554,0.927555448,0.889585342,0.932979749,0.976374156,0.976374156,0.781099325,0.802796528,0.737704918,0.976374156,0.932979749,0.932979749,0.922131148,0.911282546,0.867888139,0.911282546,0.954676953,0.922131148,0.889585342,0.954676953,0.99807136,0.889585342,0.911282546,0.99807136,0.954676953,0.932979749,0.911282546,0.987222758,0.981798457,0.976374156,0.932979749,0.99807136,0.976374156,0.954676953,0.954676953,0.99807136,4
0.711990111,0.711990111,0.667490729,0.68974042,0.68974042,0.711990111,0.734239802,0.667490729,0.622991347,0.622991347,0.622991347,0.622991347,0.622991347,0.711990111,0.667490729,0.645241038,0.68974042,0.622991347,0.756489493,0.800988875,0.667490729,0.711990111,0.734239802,0.711990111,0.734239802,0.734239802,0.711990111,0.756489493,0.68974042,0.800988875,0.734239802,0.734239802,0.756489493,0.778739184,0.711990111,0.667490729,0.711990111,0.667490729,0.667490729,0.734239802,0.68974042,0.667490729,0.68974042,0.667490729,0.778739184,0.711990111,0.734239802,0.711990111,0.711990111,0.711990111,0.68974042,0.68974042,0.622991347,0.667490729,0.756489493,0.756489493,0.711990111,0.734239802,0.68974042,0.711990111,0.68974042,0.578491965,0.667490729,0.68974042,0.645241038,0.645241038,0.68974042,0.734239802,0.600741656,0.645241038,0.600741656,0.622991347,0.600741656,0.578491965,0.600741656,0.645241038,0.622991347,0.756489493,0.600741656,0.734239802,0
0.964083176,0.831758034,0.756143667,0.869565217,0.793950851,0.812854442,0.831758034,0.737240076,0.737240076,0.746691871,0.756143667,0.510396975,0.812854442,0.888468809,0.737240076,0.576559546,0.647448015,0.718336484,0.737240076,0.699432892,0.718336484,0.680529301,0.737240076,0.756143667,0.756143667,0.831758034,0.831758034,0.869565217,0.907372401,0.850661626,0.756143667,0.831758034,0.642722117,0.746691871,0.850661626,0.888468809,0.945179584,0.907372401,0.907372401,0.907372401,0.56710775,0.765595463,0.964083176,0.850661626,0.61436673,0.779773157,0.945179584,0.831758034,0.869565217,0.831758034,0.907372401,0.756143667,0.557655955,0.571833648,0.586011342,0.699432892,0.812854442,0.586011342,0.756143667,0.926275992,0.926275992,0.793950851,0.850661626,0.793950851,0.907372401,0.793950851,0.510396975,0.548204159,0.586011342,0.689981096,0.793950851,0.586011342,0.576559546,0.56710775,0.869565217,0.879017013,0.888468809,0.831758034,0.831758034,0.888468809,0
0.753611053,0.734770777,0.791291606,0.810131882,0.697090224,0.697090224,0.640569395,0.640569395,0.697090224,0.640569395,0.640569395,0.602888842,0.659409671,0.810131882,0.866652711,0.866652711,0.828972158,0.791291606,0.828972158,0.847812435,0.847812435,0.828972158,0.828972158,0.866652711,0.772451329,0.791291606,0.678249948,0.791291606,0.734770777,0.828972158,0.791291606,0.753611053,0.753611053,0.772451329,0.7159305,0.678249948,0.678249948,0.659409671,0.621729119,0.621729119,0.678249948,0.734770777,0.772451329,0.753611053,0.640569395,0.7159305,0.678249948,0.678249948,0.659409671,0.659409671,0.640569395,0.621729119,0.697090224,0.734770777,0.678249948,0.697090224,0.659409671,0.546368013,0.602888842,0.602888842,0.602888842,0.602888842,0.7159305,0.697090224,0.7159305,0.734770777,0.678249948,0.7159305,0.734770777,0.753611053,0.847812435,0.753611053,0.828972158,0.7159305,0.734770777,0.659409671,0.7159305,0.734770777,0.621729119,0.678249948,2
0.888547609,0.829311101,0.888547609,0.750329092,0.789820097,0.770074594,0.770074594,0.789820097,0.770074594,0.829311101,0.868802106,0.829311101,0.809565599,0.809565599,0.809565599,0.789820097,0.829311101,0.809565599,0.789820097,0.829311101,0.829311101,0.829311101,0.789820097,0.710838087,0.671347082,0.691092584,0.710838087,0.730583589,0.770074594,0.730583589,0.710838087,0.789820097,0.928038613,0.770074594,0.829311101,0.750329092,0.849056604,0.730583589,0.691092584,0.612110575,0.710838087,0.809565599,0.809565599,0.888547609,0.730583589,0.789820097,0.770074594,0.770074594,0.730583589,0.750329092,0.809565599,0.770074594,0.730583589,0.770074594,0.730583589,0.789820097,0.691092584,0.829311101,0.809565599,0.888547609,0.770074594,0.750329092,0.868802106,0.789820097,0.868802106,0.809565599,0.809565599,0.928038613,0.829311101,0.888547609,0.868802106,0.888547609,0.789820097,0.868802106,0.888547609,0.849056604,0.829311101,0.868802106,0.849056604,0.849056604,8
0.70754717,0.849056604,0.990566038,0.990566038,0.950134771,0.909703504,0.586253369,0.788409704,0.990566038,0.76819407,0.545822102,0.535714286,0.525606469,0.727762803,0.929919137,0.82884097,0.869272237,0.82884097,0.869272237,0.82884097,0.869272237,0.849056604,0.909703504,0.909703504,0.970350404,0.808625337,0.849056604,0.808625337,0.849056604,0.788409704,0.808625337,0.747978437,0.869272237,0.929919137,0.849056604,0.869272237,0.808625337,0.82884097,0.889487871,0.788409704,0.586253369,0.788409704,0.788409704,0.929919137,0.808625337,0.788409704,0.747978437,0.747978437,0.687331536,0.808625337,0.788409704,0.869272237,0.889487871,0.889487871,0.747978437,0.70754717,0.747978437,0.869272237,0.788409704,0.82884097,0.788409704,0.788409704,0.70754717,0.76819407,0.788409704,0.808625337,0.82884097,0.869272237,0.82884097,0.849056604,0.808625337,0.869272237,0.869272237,0.849056604,0.808625337,0.747978437,0.82884097,0.909703504,0.909703504,0.717654987,4
0.73478476,0.712518555,0.712518555,0.667986145,0.73478476,0.667986145,0.667986145,0.623453736,0.69025235,0.77931717,0.556655121,0.69025235,0.712518555,0.645719941,0.77931717,0.69025235,0.757050965,0.712518555,0.757050965,0.69025235,0.69025235,0.757050965,0.69025235,0.757050965,0.69025235,0.73478476,0.757050965,0.801583375,0.712518555,0.667986145,0.73478476,0.712518555,0.73478476,0.667986145,0.645719941,0.712518555,0.667986145,0.77931717,0.69025235,0.77931717,0.73478476,0.712518555,0.667986145,0.69025235,0.69025235,0.712518555,0.667986145,0.69025235,0.712518555,0.623453736,0.645719941,0.712518555,0.601187531,0.712518555,0.667986145,0.623453736,0.757050965,0.712518555,0.69025235,0.801583375,0.69025235,0.77931717,0.645719941,0.801583375,0.69025235,0.712518555,0.667986145,0.73478476,0.69025235,0.73478476,0.69025235,0.712518555,0.712518555,0.77931717,0.757050965,0.801583375,0.712518555,0.757050965,0.73478476,0.73478476,16
0.500111136,0.820182263,0.880195599,0.860191154,0.800177817,0.820182263,0.780173372,0.620137808,0.670148922,0.720160036,0.780173372,0.720160036,0.800177817,0.820182263,0.760168926,0.760168926,0.840186708,0.70015559,0.560124472,0.520115581,0.4400978,0.4400978,0.610135586,0.780173372,0.780173372,0.92020449,0.780173372,0.740164481,0.630140031,0.520115581,0.780173372,0.800177817,0.740164481,0.740164481,0.800177817,0.860191154,0.740164481,0.780173372,0.840186708,0.820182263,0.800177817,0.630140031,0.655145588,0.680151145,0.70015559,0.740164481,0.70015559,0.680151145,0.680151145,0.640142254,0.740164481,0.740164481,0.740164481,0.740164481,0.760168926,0.720160036,0.740164481,0.70015559,0.70015559,0.720160036,0.680151145,0.660146699,0.620137808,0.70015559,0.720160036,0.70015559,0.70015559,0.680151145,0.720160036,0.580128918,0.540120027,0.780173372,0.680151145,0.740164481,0.70015559,0.720160036,0.740164481,0.660146699,0.760168926,0.680151145,6
0.636836629,0.486992716,0.608740895,0.730489074,0.973985432,0.973985432,0.955254943,0.973985432,0.992715921,0.917793965,0.936524454,0.842872008,0.749219563,0.842872008,0.936524454,0.936524454,0.880332986,0.936524454,0.992715921,0.936524454,0.739854318,0.543184183,0.917793965,0.899063476,0.899063476,0.899063476,0.861602497,0.824141519,0.786680541,0.880332986,0.842872008,0.842872008,0.711758585,0.880332986,0.767950052,0.786680541,0.80541103,0.899063476,0.880332986,0.899063476,0.880332986,0.861602497,0.899063476,0.80541103,0.786680541,0.824141519,0.80541103,0.693028096,0.693028096,0.80541103,0.80541103,0.917793965,0.824141519,0.824141519,0.767950052,0.80541103,0.842872008,0.824141519,0.767950052,0.861602497,0.80541103,0.861602497,0.786680541,0.861602497,0.824141519,0.899063476,0.824141519,0.861602497,0.824141519,0.880332986,0.861602497,0.880332986,0.917793965,0.899063476,0.880332986,0.880332986,0.880332986,0.880332986,0.861602497,0.80541103,6
0.835848619,0.835848619,0.856744834,0.814952403,0.835848619,0.773159972,0.814952403,0.814952403,0.877641049,0.814952403,0.835848619,0.877641049,0.898537265,0.835848619,0.877641049,0.982122127,0.940329696,0.91943348,0.91943348,0.940329696,0.961225911,0.794056188,0.91943348,0.91943348,0.856744834,0.898537265,0.91943348,0.929881588,0.940329696,0.940329696,0.877641049,0.940329696,0.940329696,0.940329696,0.982122127,1.023914558,0.961225911,0.898537265,0.898537265,0.898537265,0.898537265,0.898537265,0.91943348,0.982122127,0.794056188,0.982122127,0.961225911,0.961225911,0.898537265,0.961225911,0.940329696,0.91943348,0.91943348,0.898537265,0.564197818,0.877641049,0.877641049,0.940329696,0.961225911,0.91943348,0.940329696,0.961225911,0.961225911,0.856744834,0.908985373,0.961225911,0.877641049,0.898537265,0.898537265,0.877641049,0.877641049,0.91943348,0.940329696,0.898537265,0.856744834,0.940329696,0.877641049,0.877641049,0.940329696,0.877641049,4
0.636836629,0.618106139,0.674297607,0.674297607,0.59937565,0.674297607,0.674297607,0.693028096,0.674297607,0.693028096,0.655567118,0.693028096,0.636836629,0.543184183,0.674297607,0.655567118,0.693028096,0.730489074,0.674297607,0.711758585,0.693028096,0.674297607,0.693028096,0.693028096,0.693028096,0.693028096,0.767950052,0.674297607,0.674297607,0.674297607,0.711758585,0.674297607,0.693028096,0.674297607,0.693028096,0.693028096,0.749219563,0.693028096,0.693028096,0.711758585,0.674297607,0.693028096,0.674297607,0.618106139,0.655567118,0.749219563,0.693028096,0.730489074,0.711758585,0.730489074,0.674297607,0.655567118,0.693028096,0.655567118,0.618106139,0.655567118,0.655567118,0.711758585,0.711758585,0.693028096,0.636836629,0.674297607,0.674297607,0.655567118,0.693028096,0.655567118,0.655567118,0.636836629,0.618106139,0.618106139,0.693028096,0.618106139,0.711758585,0.636836629,0.674297607,0.693028096,0.730489074,0.693028096,0.693028096,0.674297607,4
0.873150618,0.851321853,0.894979384,0.894979384,0.851321853,0.851321853,0.851321853,0.829493088,0.72034926,0.851321853,0.829493088,0.851321853,0.873150618,0.829493088,0.894979384,0.873150618,0.807664322,0.851321853,0.829493088,0.851321853,0.785835557,0.829493088,0.807664322,0.807664322,0.742178026,0.764006791,0.873150618,0.785835557,0.764006791,0.873150618,0.851321853,0.851321853,0.851321853,0.807664322,0.873150618,0.873150618,0.807664322,0.916808149,0.938636915,0.96046568,0.764006791,0.698520495,0.742178026,0.807664322,0.785835557,0.742178026,0.785835557,0.829493088,0.764006791,0.785835557,0.698520495,0.807664322,0.807664322,0.807664322,0.742178026,0.829493088,0.829493088,0.873150618,0.742178026,0.72034926,0.742178026,0.894979384,0.873150618,0.829493088,0.851321853,0.851321853,0.807664322,0.764006791,0.807664322,0.807664322,0.742178026,0.698520495,0.851321853,0.785835557,0.829493088,0.742178026,0.742178026,0.829493088,0.764006791,0.807664322,2
0.842130518,0.917706334,0.99328215,0.906909789,0.906909789,0.928502879,0.928502879,0.885316699,0.939299424,0.99328215,0.97168906,0.950095969,0.99328215,0.939299424,0.885316699,0.885316699,0.928502879,0.906909789,0.755758157,0.863723608,0.842130518,0.755758157,0.842130518,0.669385797,0.539827255,0.820537428,0.960892514,0.750359885,0.539827255,0.583013436,0.561420345,0.820537428,0.777351248,0.950095969,0.950095969,0.950095969,0.798944338,0.647792706,0.820537428,0.928502879,0.97168906,0.798944338,0.906909789,0.906909789,0.842130518,0.906909789,0.906909789,0.712571977,0.831333973,0.950095969,0.669385797,0.755758157,0.842130518,0.99328215,0.896113244,0.798944338,0.842130518,0.885316699,0.885316699,0.885316699,0.99328215,0.842130518,0.97168906,0.99328215,0.842130518,0.950095969,0.906909789,0.863723608,0.885316699,0.539827255,0.734165067,0.928502879,0.906909789,0.820537428,0.928502879,0.798944338,0.647792706,0.636996161,0.626199616,0.669385797,2
0.81799591,0.81799591,0.777096115,0.756646217,0.654396728,0.756646217,0.736196319,0.81799591,0.777096115,0.736196319,0.654396728,0.715746421,0.674846626,0.654396728,0.797546012,0.756646217,0.736196319,0.797546012,0.777096115,0.777096115,0.695296524,0.756646217,0.715746421,0.756646217,0.736196319,0.715746421,0.695296524,0.736196319,0.777096115,0.715746421,0.695296524,0.674846626,0.695296524,0.674846626,0.674846626,0.613496933,0.695296524,0.695296524,0.715746421,0.756646217,0.715746421,0.674846626,0.593047035,0.63394683,0.613496933,0.695296524,0.715746421,0.715746421,0.715746421,0.756646217,0.695296524,0.674846626,0.654396728,0.654396728,0.715746421,0.674846626,0.695296524,0.756646217,0.715746421,0.695296524,0.593047035,0.654396728,0.674846626,0.674846626,0.674846626,0.63394683,0.654396728,0.593047035,0.63394683,0.613496933,0.736196319,0.715746421,0.715746421,0.654396728,0.654396728,0.63394683,0.654396728,0.715746421,0.777096115,0.756646217,16
0.819750719,0.841323106,0.819750719,0.755033557,0.776605944,0.711888782,0.755033557,0.668744008,0.73346117,0.690316395,0.668744008,0.64717162,0.668744008,0.625599233,0.690316395,0.755033557,0.776605944,0.755033557,0.776605944,0.798178332,0.755033557,0.819750719,0.798178332,0.798178332,0.776605944,0.755033557,0.776605944,0.755033557,0.755033557,0.776605944,0.755033557,0.862895494,0.841323106,0.819750719,0.73346117,0.690316395,0.755033557,0.668744008,0.819750719,0.884467881,0.862895494,0.819750719,0.819750719,0.755033557,0.73346117,0.64717162,0.64717162,0.604026846,0.711888782,0.819750719,0.755033557,0.841323106,0.668744008,0.862895494,0.906040268,0.798178332,0.819750719,0.841323106,0.819750719,0.64717162,0.776605944,0.614813039,0.663350911,0.711888782,0.841323106,0.776605944,0.776605944,0.841323106,0.776605944,0.776605944,0.755033557,0.711888782,0.798178332,0.755033557,0.776605944,0.776605944,0.776605944,0.690316395,0.798178332,0.73346117,10
0.949450549,0.949450549,0.92967033,0.92967033,0.89010989,0.830769231,0.89010989,0.92967033,0.830769231,0.810989011,0.87032967,0.87032967,0.850549451,0.89010989,0.92967033,0.850549451,0.810989011,0.87032967,0.850549451,0.89010989,0.89010989,0.830769231,0.92967033,0.791208791,0.830769231,0.791208791,0.810989011,0.791208791,0.672527473,0.652747253,0.751648352,0.751648352,0.712087912,0.672527473,0.751648352,0.692307692,0.712087912,0.692307692,0.731868132,0.712087912,0.771428571,0.731868132,0.751648352,0.751648352,0.712087912,0.712087912,0.751648352,0.672527473,0.692307692,0.771428571,0.791208791,0.613186813,0.692307692,0.692307692,0.731868132,0.672527473,0.712087912,0.771428571,0.751648352,0.692307692,0.751648352,0.791208791,0.712087912,0.771428571,0.751648352,0.751648352,0.692307692,0.791208791,0.771428571,0.771428571,0.731868132,0.652747253,0.652747253,0.613186813,0.632967033,0.652747253,0.652747253,0.632967033,0.692307692,0.672527473,14
1.042219542,0.835946924,0.629674306,0.803377563,0.97708082,0.998793727,0.94451146,0.890229192,0.987937274,0.993365501,0.998793727,1.074788902,1.069360676,1.023220748,0.97708082,0.966224367,0.955367913,0.933655006,0.846803378,0.82509047,0.955367913,0.97708082,0.911942099,0.933655006,0.97708082,0.97708082,0.97708082,0.955367913,0.97708082,0.868516285,0.97708082,0.955367913,0.933655006,0.933655006,0.97708082,0.97708082,0.97708082,0.955367913,0.933655006,0.97708082,1.009650181,0.96079614,0.911942099,0.911942099,0.966224367,0.96079614,0.955367913,0.803377563,0.911942099,0.97708082,0.955367913,0.846803378,0.82509047,0.846803378,0.82509047,0.911942099,0.97708082,0.998793727,0.955367913,0.911942099,0.97708082,0.868516285,0.781664656,0.868516285,0.933655006,0.82509047,0.868516285,0.933655006,0.911942099,0.868516285,0.955367913,0.868516285,0.846803378,0.97708082,0.846803378,0.781664656,0.846803378,0.97708082,0.803377563,0.911942099,0
0.719222462,0.641468683,0.680345572,0.660907127,0.699784017,0.602591793,0.622030238,0.583153348,0.544276458,0.544276458,0.622030238,0.622030238,0.641468683,0.622030238,0.563714903,0.622030238,0.622030238,0.602591793,0.660907127,0.583153348,0.641468683,0.641468683,0.622030238,0.622030238,0.680345572,0.660907127,0.699784017,0.622030238,0.641468683,0.622030238,0.622030238,0.641468683,0.660907127,0.622030238,0.622030238,0.680345572,0.602591793,0.563714903,0.583153348,0.583153348,0.622030238,0.622030238,0.680345572,0.641468683,0.699784017,0.680345572,0.680345572,0.622030238,0.622030238,0.622030238,0.524838013,0.544276458,0.583153348,0.563714903,0.495680346,0.461663067,0.541846652,0.622030238,0.563714903,0.583153348,0.524838013,0.524838013,0.524838013,0.563714903,0.563714903,0.583153348,0.602591793,0.680345572,0.622030238,0.641468683,0.622030238,0.583153348,0.602591793,0.602591793,0.544276458,0.641468683,0.563714903,0.563714903,0.563714903,0.563714903,2
0.979369757,0.897755611,0.856948538,0.877352074,0.897755611,0.918159148,0.795737928,0.856948538,0.958966221,0.877352074,0.816141465,0.877352074,0.958966221,0.918159148,0.816141465,0.856948538,0.897755611,0.897755611,0.877352074,0.897755611,0.877352074,0.999773294,0.938562684,0.836545001,0.816141465,0.877352074,0.897755611,0.958966221,0.795737928,0.816141465,0.877352074,0.897755611,0.856948538,0.816141465,0.856948538,0.877352074,0.877352074,0.775334391,0.795737928,0.795737928,0.836545001,0.816141465,0.795737928,0.877352074,0.683518477,0.566198141,0.762582181,0.958966221,0.703922013,0.535592836,0.543244162,0.550895489,0.754930855,0.734527318,0.550895489,0.734527318,0.918159148,0.836545001,0.918159148,0.816141465,0.979369757,0.775334391,0.897755611,0.856948538,0.897755611,0.856948538,0.816141465,0.795737928,0.856948538,0.816141465,0.754930855,0.856948538,0.938562684,0.958966221,0.775334391,0.918159148,0.918159148,0.877352074,0.856948538,0.836545001,12
0.83503055,0.896130346,0.936863544,0.916496945,0.916496945,0.936863544,0.570264766,0.773930754,0.977596741,0.763747454,0.549898167,0.549898167,0.549898167,0.743380855,0.936863544,0.733197556,0.529531568,0.549898167,0.570264766,0.794297352,0.947046843,1.023421589,1.010692464,0.99796334,1.00814664,1.013238289,0.964867617,0.916496945,0.977596741,0.977596741,0.570264766,0.733197556,0.896130346,0.896130346,0.977596741,0.977596741,0.83503055,0.896130346,0.896130346,0.896130346,0.83503055,0.610997963,0.733197556,0.855397149,0.794297352,0.855397149,0.875763747,0.916496945,0.896130346,0.916496945,0.936863544,0.957230143,0.814663951,0.875763747,0.936863544,0.83503055,0.753564155,0.814663951,0.855397149,0.896130346,0.83503055,0.855397149,0.916496945,0.549898167,0.67209776,0.794297352,0.875763747,0.855397149,0.814663951,0.814663951,0.773930754,0.794297352,0.896130346,0.875763747,0.855397149,0.896130346,0.875763747,0.509164969,0.49898167,0.432790224,0
0.671489939,0.681664029,0.691838119,0.508704499,0.813927199,0.976712638,1.017408998,0.834275379,0.651141759,0.508704499,0.508704499,0.549400859,0.457834049,0.432398824,0.450203482,0.78467669,0.962087384,1.081315001,0.93744701,0.793579019,0.691838119,0.590097219,0.498530409,0.625706534,0.752882659,0.630793579,0.508704499,0.722360389,0.936016279,0.630793579,0.844449469,0.920755144,0.997060818,1.027583088,1.002147863,0.976712638,0.976712638,0.997060818,0.925842189,0.854623559,0.834275379,0.997060818,0.915668099,0.895319919,0.549400859,0.640967669,0.732534479,0.793579019,0.620619489,0.788491974,0.956364459,0.976712638,0.529052679,0.702012209,0.874971739,0.834275379,0.976712638,0.956364459,0.915668099,0.936016279,0.976712638,0.997060818,0.997060818,0.915668099,0.925842189,0.936016279,0.752882659,0.569749039,0.783404929,0.997060818,0.569749039,0.763056749,0.956364459,0.956364459,0.549400859,0.742708569,0.936016279,0.681664029,0.605358354,0.529052679,8
0.589519651,0.727074236,0.864628821,0.864628821,0.805676856,0.884279476,0.943231441,0.864628821,0.825327511,0.786026201,0.727074236,0.628820961,0.530567686,0.648471616,0.786026201,0.786026201,0.746724891,0.707423581,0.648471616,0.707423581,0.766375546,0.707423581,0.687772926,0.668122271,0.668122271,0.609170306,0.805676856,0.589519651,0.805676856,0.786026201,0.727074236,0.805676856,0.766375546,0.825327511,0.707423581,0.746724891,0.687772926,0.648471616,0.707423581,0.668122271,0.687772926,0.746724891,0.727074236,0.766375546,0.805676856,0.786026201,0.766375546,0.668122271,0.687772926,0.746724891,0.727074236,0.786026201,0.805676856,0.727074236,0.727074236,0.668122271,0.609170306,0.805676856,0.766375546,0.687772926,0.687772926,0.746724891,0.746724891,0.786026201,0.727074236,0.746724891,0.844978166,0.805676856,0.805676856,0.805676856,0.805676856,0.766375546,0.786026201,0.746724891,0.766375546,0.746724891,0.727074236,0.825327511,0.864628821,0.786026201,0
0.943643512,0.806028834,0.825688073,0.904325033,0.825688073,0.865006553,0.806028834,0.825688073,0.727391874,0.825688073,0.766710354,0.747051114,0.806028834,0.845347313,0.884665793,0.825688073,0.845347313,0.884665793,0.806028834,0.806028834,0.727391874,0.766710354,0.845347313,0.747051114,0.786369594,0.668414155,0.688073394,0.766710354,0.688073394,0.688073394,0.707732634,0.747051114,0.648754915,0.747051114,0.707732634,0.747051114,0.766710354,0.668414155,0.717562254,0.766710354,0.688073394,0.747051114,0.786369594,0.766710354,0.747051114,0.707732634,0.629095675,0.727391874,0.570117955,0.727391874,0.707732634,0.786369594,0.688073394,0.688073394,0.747051114,0.747051114,0.747051114,0.747051114,0.766710354,0.786369594,0.747051114,0.806028834,0.766710354,0.766710354,0.747051114,0.747051114,0.766710354,0.786369594,0.766710354,0.845347313,0.786369594,0.786369594,0.825688073,0.825688073,0.825688073,0.786369594,0.825688073,0.766710354,0.825688073,0.786369594,6
0.443151298,0.765443151,0.74529991,0.705013429,0.684870188,0.74529991,0.644583706,0.624440466,0.72515667,0.664726947,0.684870188,0.72515667,0.564010743,0.624440466,0.684870188,0.644583706,0.624440466,0.72515667,0.604297225,0.624440466,0.624440466,0.624440466,0.624440466,0.624440466,0.604297225,0.624440466,0.624440466,0.644583706,0.624440466,0.604297225,0.644583706,0.664726947,0.624440466,0.644583706,0.644583706,0.604297225,0.604297225,0.604297225,0.624440466,0.624440466,0.664726947,0.705013429,0.684870188,0.644583706,0.644583706,0.684870188,0.604297225,0.604297225,0.604297225,0.584153984,0.604297225,0.564010743,0.604297225,0.624440466,0.624440466,0.664726947,0.705013429,0.584153984,0.624440466,0.604297225,0.604297225,0.584153984,0.584153984,0.604297225,0.624440466,0.664726947,0.624440466,0.664726947,0.644583706,0.664726947,0.664726947,0.644583706,0.644583706,0.624440466,0.604297225,0.604297225,0.604297225,0.604297225,0.624440466,0.584153984,12
0.726476015,0.913284133,0.902905904,0.892527675,0.93404059,1.027444649,0.98074262,0.93404059,1.037822878,1.037822878,0.93404059,0.830258303,0.996309963,0.93404059,0.93404059,0.871771218,0.93404059,0.622693727,0.757610701,0.892527675,0.871771218,0.913284133,0.996309963,0.996309963,0.892527675,0.93404059,0.93404059,0.622693727,0.757610701,0.892527675,0.830258303,0.975553506,0.913284133,0.747232472,0.93404059,0.996309963,0.93404059,0.871771218,0.892527675,0.892527675,0.93404059,0.85101476,0.913284133,0.747232472,0.913284133,0.913284133,0.996309963,0.975553506,0.871771218,0.954797048,0.954797048,0.93404059,0.830258303,0.954797048,0.954797048,0.93404059,0.913284133,0.996309963,0.892527675,0.830258303,0.913284133,0.913284133,0.93404059,0.892527675,0.913284133,0.93404059,0.913284133,0.85101476,0.975553506,0.975553506,0.892527675,0.892527675,0.913284133,0.871771218,0.809501845,0.6849631,0.76798893,0.830258303,0.93404059,0.85101476,4
0.832177531,0.873786408,0.832177531,0.894590846,0.832177531,0.894590846,0.852981969,0.873786408,0.832177531,0.915395284,0.873786408,0.769764216,0.832177531,0.769764216,0.790568655,0.769764216,0.790568655,0.790568655,0.852981969,0.852981969,0.811373093,0.832177531,0.811373093,0.72815534,0.748959778,0.748959778,0.72815534,0.748959778,0.72815534,0.769764216,0.811373093,0.748959778,0.748959778,0.790568655,0.852981969,0.769764216,0.790568655,0.769764216,0.748959778,0.790568655,0.72815534,0.72815534,0.790568655,0.72815534,0.748959778,0.707350902,0.665742025,0.582524272,0.665742025,0.707350902,0.748959778,0.832177531,0.832177531,0.790568655,0.790568655,0.790568655,0.72815534,0.707350902,0.644937587,0.72815534,0.748959778,0.769764216,0.769764216,0.811373093,0.769764216,0.790568655,0.790568655,0.769764216,0.707350902,0.707350902,0.707350902,0.790568655,0.72815534,0.748959778,0.769764216,0.769764216,0.832177531,0.769764216,0.72815534,0.769764216,10
0.509395517,0.529771338,0.550147159,0.509395517,0.672402083,0.835408648,0.87616029,0.978039393,0.998415214,0.89653611,0.89653611,0.733529545,0.570522979,0.916911931,0.682589993,0.769187231,0.855784469,0.855784469,0.835408648,0.794657007,0.641838352,0.72843559,0.815032828,0.937287752,0.702965814,0.758999321,0.815032828,0.774281186,0.753905366,0.774281186,0.692777904,0.692777904,0.815032828,0.774281186,0.713153724,0.733529545,0.713153724,0.794657007,0.794657007,0.733529545,0.774281186,0.815032828,0.855784469,0.815032828,0.753905366,0.753905366,0.774281186,0.794657007,0.713153724,0.733529545,0.692777904,0.753905366,0.774281186,0.753905366,0.652026262,0.733529545,0.713153724,0.672402083,0.672402083,0.713153724,0.713153724,0.733529545,0.733529545,0.713153724,0.774281186,0.733529545,0.672402083,0.692777904,0.652026262,0.652026262,0.713153724,0.815032828,0.855784469,0.794657007,0.794657007,0.855784469,0.733529545,0.672402083,0.733529545,0.733529545,12
1.113861386,0.928217822,0.83539604,0.909653465,0.872524752,0.891089109,0.853960396,0.909653465,0.983910891,0.891089109,0.928217822,1.011757426,0.942141089,0.872524752,0.57549505,0.733292079,0.891089109,0.853960396,0.853960396,0.761138614,0.816831683,0.891089109,0.853960396,0.891089109,0.928217822,0.928217822,0.928217822,0.928217822,0.853960396,0.872524752,0.872524752,0.928217822,0.946782178,0.83539604,0.742574257,0.816831683,0.909653465,0.965346535,0.909653465,0.891089109,0.742574257,0.742574257,0.816831683,0.909653465,0.649752475,0.816831683,0.761138614,0.83539604,0.872524752,0.891089109,0.761138614,0.724009901,0.705445545,0.705445545,0.853960396,0.891089109,0.928217822,0.816831683,0.909653465,0.946782178,0.501237624,0.686881188,0.872524752,0.853960396,0.853960396,0.83539604,0.83539604,0.705445545,0.872524752,0.816831683,0.909653465,0.761138614,0.742574257,0.724009901,0.891089109,0.891089109,0.928217822,0.742574257,0.83539604,0.928217822,10
1.111780657,1.111780657,1.125338958,1.145676409,1.128728533,1.133812895,1.068563573,1.022380612,0.97619765,1.030430853,1.084664055,1.057547454,1.057547454,1.084664055,1.071105755,1.050768304,1.027041277,1.042294366,1.077037511,1.094409084,1.048861668,1.026087959,1.082492609,1.097136633,1.104458645,1.108119651,1.150625056,1.19899436,1.209620711,1.228492187,1.237927926,1.256204095,1.211108977,1.229236321,1.129833587,1.120807122,1.12985219,1.229282829,1.224764946,1.168272801,1.16714333,1.153020294,1.118842175,1.142428017,1.140662638,1.099105046,1.146117753,1.088274303,1.113585781,1.017775114,0.921964447,0.97619765,0.97619765,0.921964447,0.867731244,0.97619765,0.677915035,0.569448629,0.515215426,0.515215426,0.949081049,0.732148237,0.515215426,0.515215426,0.515215426,0.515215426,0.515215426,0.515215426,0.515215426,0.515215426,0.501657126,0.508436276,0.515215426,0.515215426,0.501657126,0.508436276,0.515215426,0.515215426,0.515215426,0.542332028,18
0.599001664,0.767470882,0.692595674,0.861064892,0.84234609,0.861064892,0.861064892,0.730033278,0.804908486,0.84234609,0.804908486,0.786189684,0.692595674,0.767470882,0.767470882,0.823627288,0.786189684,0.74875208,0.711314476,0.730033278,0.692595674,0.711314476,0.673876872,0.617720466,0.673876872,0.692595674,0.692595674,0.804908486,0.767470882,0.711314476,0.711314476,0.767470882,0.711314476,0.673876872,0.673876872,0.636439268,0.692595674,0.74875208,0.786189684,0.636439268,0.65515807,0.636439268,0.65515807,0.74875208,0.673876872,0.673876872,0.673876872,0.74875208,0.767470882,0.673876872,0.505407654,0.430532446,0.56156406,0.692595674,0.74875208,0.711314476,0.617720466,0.542845258,0.617720466,0.711314476,0.74875208,0.636439268,0.711314476,0.599001664,0.636439268,0.692595674,0.74875208,0.767470882,0.692595674,0.673876872,0.692595674,0.730033278,0.711314476,0.692595674,0.65515807,0.580282862,0.692595674,0.74875208,0.692595674,0.636439268,2
0.936504566,0.535145466,0.707156509,0.879167551,0.535145466,0.59248248,0.649819495,0.582926311,0.516033128,0.754937354,0.99384158,0.707156509,0.59248248,0.506476959,0.520811213,0.535145466,0.726268847,0.917392228,0.516033128,0.477808452,0.410915269,0.64504141,0.879167551,0.89827989,0.640263326,0.759715439,0.879167551,0.621150987,0.759715439,0.89827989,0.821830537,0.602038649,0.7406031,0.879167551,0.860055213,0.860055213,0.840942875,0.821830537,0.602038649,0.731046931,0.860055213,0.630707157,0.745381185,0.860055213,0.516033128,0.707156509,0.89827989,0.659375664,0.578148227,0.461085156,0.450334466,0.425846783,0.470939955,0.516033128,0.621150987,0.726268847,0.602038649,0.721490762,0.840942875,0.602038649,0.520811213,0.461085156,0.469446804,0.425846783,0.576057815,0.726268847,0.688044171,0.707156509,0.688044171,0.783605861,0.745381185,0.573370142,0.745381185,0.917392228,0.955616904,0.89827989,0.89827989,0.802718199,0.840942875,0.554257804,10
0.696324952,0.87040619,0.957446809,0.990087041,0.973766925,0.957446809,0.87040619,0.87040619,0.848646035,0.892166344,0.979206963,1.022727273,1.055367505,0.962886847,0.87040619,0.848646035,0.87040619,0.913926499,0.913926499,0.82688588,0.805125725,0.82688588,0.848646035,0.848646035,0.913926499,0.935686654,0.979206963,0.805125725,0.848646035,0.87040619,0.848646035,0.892166344,0.979206963,0.957446809,0.892166344,0.892166344,0.892166344,0.913926499,0.913926499,0.957446809,0.946566731,0.935686654,0.892166344,0.82688588,0.805125725,0.609284333,0.87040619,0.783365571,0.892166344,0.87040619,0.82688588,0.87040619,0.913926499,0.87040619,0.783365571,0.848646035,0.761605416,0.718085106,0.674564797,0.718085106,0.652804642,0.587524178,0.674564797,0.761605416,0.82688588,0.805125725,0.598404255,0.723525145,0.848646035,0.783365571,0.783365571,0.718085106,0.761605416,0.761605416,0.696324952,0.674564797,0.718085106,0.718085106,0.761605416,0.761605416,14
0.524109015,0.670859539,0.817610063,0.817610063,0.649895178,0.796645702,0.796645702,0.754716981,0.880503145,0.901467505,0.964360587,0.859538784,0.838574423,0.754716981,0.817610063,0.503144654,0.660377358,0.817610063,0.817610063,0.775681342,0.775681342,0.796645702,0.775681342,0.576519916,0.518867925,0.479559748,0.648584906,0.817610063,0.775681342,0.796645702,0.817610063,0.817610063,0.754716981,0.754716981,0.838574423,0.838574423,0.859538784,0.859538784,0.838574423,0.901467505,0.880503145,0.880503145,0.859538784,0.817610063,0.838574423,0.817610063,0.607966457,0.72327044,0.838574423,0.775681342,0.796645702,0.597484277,0.529350105,0.453354298,0.467767296,0.422562893,0.599122117,0.775681342,0.576519916,0.518867925,0.448113208,0.622379455,0.796645702,0.670859539,0.754716981,0.754716981,0.817610063,0.817610063,0.796645702,0.817610063,0.607966457,0.524109015,0.450733753,0.623689727,0.796645702,0.775681342,0.880503145,0.796645702,0.817610063,0.691823899,8
0.739263084,0.633654072,0.654775874,0.654775874,0.718141281,0.718141281,0.718141281,0.718141281,0.675897677,0.697019479,0.697019479,0.697019479,0.633654072,0.697019479,0.675897677,0.718141281,0.697019479,0.675897677,0.612532269,0.675897677,0.675897677,0.823750293,0.760384886,0.781506689,0.739263084,0.718141281,0.718141281,0.654775874,0.739263084,0.697019479,0.781506689,0.697019479,0.697019479,0.697019479,0.802628491,0.865993898,0.760384886,0.697019479,0.675897677,0.675897677,0.760384886,0.760384886,0.802628491,0.739263084,0.718141281,0.718141281,0.654775874,0.654775874,0.718141281,0.697019479,0.718141281,0.697019479,0.739263084,0.718141281,0.781506689,0.781506689,0.760384886,0.760384886,0.739263084,0.654775874,0.697019479,0.697019479,0.654775874,0.675897677,0.718141281,0.760384886,0.844872096,0.739263084,0.718141281,0.718141281,0.697019479,0.760384886,0.718141281,0.654775874,0.654775874,0.675897677,0.675897677,0.675897677,0.697019479,0.633654072,0
0.68957511,0.626886464,0.605990248,0.710471326,0.68957511,0.794056188,0.794056188,0.814952403,0.794056188,0.814952403,0.856744834,0.794056188,0.877641049,0.731367541,0.814952403,0.773159972,0.794056188,0.773159972,0.710471326,0.731367541,0.710471326,0.710471326,0.68957511,0.773159972,0.814952403,0.814952403,0.710471326,0.731367541,0.856744834,0.814952403,0.856744834,0.835848619,0.856744834,0.814952403,0.752263757,0.794056188,0.773159972,0.731367541,0.731367541,0.710471326,0.626886464,0.647782679,0.668678895,0.710471326,0.647782679,0.731367541,0.731367541,0.814952403,0.752263757,0.794056188,0.773159972,0.710471326,0.731367541,0.731367541,0.731367541,0.773159972,0.668678895,0.68957511,0.731367541,0.752263757,0.773159972,0.856744834,0.773159972,0.752263757,0.773159972,0.773159972,0.794056188,0.814952403,0.835848619,0.731367541,0.773159972,0.794056188,0.835848619,0.835848619,0.835848619,0.898537265,0.731367541,0.814952403,0.752263757,0.856744834,10
0.934458144,0.87605451,0.798182998,0.895522388,0.837118754,0.856586632,0.759247242,0.817650876,0.837118754,0.77871512,0.817650876,0.759247242,0.817650876,0.837118754,0.895522388,0.856586632,0.798182998,0.77871512,0.798182998,0.87605451,0.700843608,0.87605451,0.837118754,0.759247242,0.700843608,0.739779364,0.739779364,0.739779364,0.720311486,0.739779364,0.68137573,0.798182998,0.759247242,0.739779364,0.77871512,0.739779364,0.837118754,0.798182998,0.837118754,0.798182998,0.798182998,0.798182998,0.720311486,0.759247242,0.759247242,0.837118754,0.77871512,0.720311486,0.798182998,0.798182998,0.700843608,0.77871512,0.77871512,0.798182998,0.739779364,0.759247242,0.837118754,0.798182998,0.837118754,0.759247242,0.817650876,0.759247242,0.739779364,0.759247242,0.817650876,0.856586632,0.914990266,0.798182998,0.837118754,0.856586632,0.837118754,0.759247242,0.720311486,0.798182998,0.837118754,0.856586632,0.759247242,0.798182998,0.77871512,0.87605451,14
0.59412702,0.635101298,0.512178466,0.59412702,0.676075575,0.512178466,0.962895516,0.635101298,0.573639882,0.696562713,0.819485545,0.665832005,0.512178466,0.696562713,0.614614159,0.655588436,0.758024129,0.532665604,0.665832005,0.798998407,0.635101298,0.737536991,0.839972684,0.665832005,0.701684498,0.737536991,0.717049852,0.758024129,0.676075575,0.696562713,0.758024129,0.717049852,0.758024129,0.758024129,0.737536991,0.696562713,0.676075575,0.778511268,0.696562713,0.737536991,0.737536991,0.717049852,0.717049852,0.655588436,0.676075575,0.696562713,0.778511268,0.635101298,0.696562713,0.614614159,0.758024129,0.696562713,0.573639882,0.676075575,0.573639882,0.59412702,0.59412702,0.655588436,0.614614159,0.614614159,0.59412702,0.573639882,0.696562713,0.809241976,0.921921238,0.655588436,0.635101298,0.614614159,0.573639882,0.532665604,0.655588436,0.59412702,0.553152743,0.573639882,0.635101298,0.635101298,0.635101298,0.717049852,0.655588436,0.532665604,4
0.979559331,0.967613486,0.95566764,0.979559331,0.95566764,0.931775949,0.979559331,0.907884258,0.907884258,0.883992567,0.860100876,0.812317494,0.788425803,0.95566764,0.95566764,0.883992567,0.812317494,0.883992567,0.907884258,0.907884258,0.860100876,0.692859039,0.883992567,0.883992567,0.836209185,0.788425803,0.788425803,0.836209185,0.812317494,0.788425803,0.788425803,0.740642421,0.883992567,0.907884258,0.740642421,0.764534112,0.788425803,0.501725511,0.645075657,0.525617202,0.71675073,0.860100876,0.883992567,0.907884258,0.788425803,0.740642421,0.836209185,0.860100876,0.740642421,0.740642421,0.764534112,0.740642421,0.764534112,0.860100876,0.740642421,0.740642421,0.883992567,0.931775949,0.549508893,0.621183966,0.883992567,0.812317494,0.788425803,0.812317494,0.907884258,0.907884258,0.740642421,0.597292275,0.597292275,0.668967348,0.692859039,0.692859039,0.645075657,0.597292275,0.692859039,0.71675073,0.645075657,0.573400584,0.668967348,0.668967348,16
0.880345769,0.900818926,0.921292084,0.941765241,0.818926297,0.921292084,0.900818926,0.962238399,0.900818926,0.900818926,0.900818926,0.921292084,0.941765241,0.921292084,0.962238399,0.839399454,0.798453139,0.941765241,0.839399454,0.921292084,0.757506824,0.921292084,0.941765241,0.982711556,0.941765241,0.962238399,0.880345769,0.798453139,0.818926297,0.798453139,0.798453139,0.798453139,0.839399454,0.818926297,0.798453139,0.757506824,0.859872611,0.737033667,0.71656051,0.757506824,0.777979982,0.839399454,0.737033667,0.737033667,0.777979982,0.859872611,0.757506824,0.859872611,0.900818926,0.900818926,0.798453139,0.859872611,0.777979982,0.696087352,0.757506824,0.777979982,0.880345769,0.777979982,0.900818926,0.921292084,0.941765241,0.839399454,0.859872611,0.941765241,0.818926297,0.737033667,0.757506824,0.798453139,0.839399454,0.859872611,0.941765241,0.890582348,0.839399454,0.900818926,0.921292084,0.818926297,0.757506824,0.818926297,0.798453139,0.777979982,20
0.793319415,0.876826722,0.793319415,0.772442589,0.814196242,0.814196242,0.751565762,0.709812109,0.772442589,0.855949896,0.814196242,0.751565762,0.730688935,0.772442589,0.876826722,0.897703549,0.772442589,0.793319415,0.751565762,0.772442589,0.730688935,0.730688935,0.751565762,0.835073069,0.855949896,0.793319415,0.793319415,0.772442589,0.793319415,0.814196242,0.751565762,0.772442589,0.772442589,0.793319415,0.730688935,0.772442589,0.793319415,0.918580376,0.793319415,0.772442589,0.647181628,0.647181628,0.709812109,0.751565762,0.709812109,0.751565762,0.835073069,0.793319415,0.772442589,0.709812109,0.668058455,0.793319415,0.835073069,0.668058455,0.678496868,0.688935282,0.793319415,0.688935282,0.647181628,0.730688935,0.814196242,0.751565762,0.751565762,0.709812109,0.709812109,0.751565762,0.647181628,0.605427975,0.688935282,0.709812109,0.793319415,0.668058455,0.688935282,0.730688935,0.709812109,0.981210856,0.688935282,0.709812109,0.730688935,0.835073069,0
0.895522388,0.895522388,0.936227951,0.854816825,0.91587517,0.91587517,0.834464043,0.854816825,0.834464043,0.854816825,0.732700136,0.712347354,0.773405699,0.671641791,0.834464043,0.712347354,0.691994573,0.671641791,0.753052917,0.753052917,0.773405699,0.773405699,0.712347354,0.773405699,0.753052917,0.773405699,0.712347354,0.671641791,0.681818182,0.691994573,0.834464043,0.814111262,0.732700136,0.79375848,0.773405699,0.773405699,0.854816825,0.773405699,0.814111262,0.773405699,0.773405699,0.753052917,0.773405699,0.753052917,0.651289009,0.814111262,0.691994573,0.79375848,0.79375848,0.773405699,0.79375848,0.712347354,0.691994573,0.691994573,0.753052917,0.712347354,0.79375848,0.79375848,0.814111262,0.814111262,0.895522388,0.895522388,0.976933514,0.834464043,0.814111262,0.854816825,0.875169607,0.854816825,0.91587517,0.834464043,0.834464043,0.79375848,0.834464043,0.814111262,0.854816825,0.732700136,0.79375848,0.773405699,0.753052917,0.814111262,10
0.761353517,0.821460374,0.941674087,0.921638468,0.941674087,0.961709706,0.961709706,0.861531612,0.921638468,0.981745325,0.941674087,0.861531612,0.921638468,0.921638468,0.841495993,0.821460374,0.881567231,0.881567231,0.981745325,0.861531612,0.861531612,0.881567231,0.941674087,0.821460374,0.921638468,0.821460374,0.861531612,0.841495993,0.781389136,0.801424755,0.821460374,0.801424755,0.881567231,0.921638468,0.821460374,0.841495993,0.821460374,0.821460374,0.801424755,0.781389136,0.761353517,0.801424755,0.761353517,0.841495993,0.801424755,0.921638468,0.881567231,0.841495993,0.881567231,0.911620659,0.941674087,0.821460374,0.781389136,0.90160285,0.821460374,0.881567231,0.821460374,0.841495993,0.861531612,0.921638468,0.861531612,0.921638468,0.821460374,0.801424755,0.861531612,0.941674087,0.921638468,0.90160285,0.801424755,0.861531612,0.761353517,0.90160285,0.801424755,0.841495993,0.881567231,0.941674087,0.881567231,0.881567231,0.881567231,0.881567231,10
0.82152294,0.82152294,0.886380014,0.799903915,0.518856594,0.670189767,0.82152294,0.886380014,0.756665866,0.778284891,0.86476099,0.929618064,0.756665866,0.86476099,0.735046841,0.540475619,0.680999279,0.82152294,0.86476099,0.843141965,0.951237089,0.778284891,0.799903915,0.843141965,0.86476099,0.799903915,0.886380014,0.886380014,0.86476099,0.86476099,0.778284891,0.82152294,0.907999039,0.843141965,0.778284891,0.886380014,0.86476099,0.843141965,0.86476099,0.82152294,0.82152294,0.907999039,0.843141965,0.82152294,0.843141965,0.886380014,0.799903915,0.691808792,0.583713668,0.86476099,0.778284891,0.86476099,0.86476099,0.843141965,0.86476099,0.886380014,0.778284891,0.670189767,0.778284891,0.799903915,0.799903915,0.886380014,0.886380014,0.86476099,0.843141965,0.907999039,0.929618064,0.907999039,0.907999039,0.972856113,0.886380014,0.886380014,0.929618064,0.843141965,0.886380014,0.907999039,0.929618064,0.907999039,0.907999039,0.86476099,10
0.634100517,0.845467356,0.951150775,0.718647252,0.76092062,0.803193988,0.866604039,0.76092062,0.887740723,0.845467356,0.887740723,0.824330672,0.845467356,0.739783936,0.782057304,0.845467356,0.887740723,0.993424143,0.866604039,0.803193988,0.782057304,0.824330672,0.972287459,0.803193988,0.782057304,0.887740723,0.845467356,0.887740723,0.824330672,0.845467356,0.782057304,0.718647252,0.718647252,0.782057304,0.76092062,0.739783936,0.824330672,0.697510568,0.697510568,0.697510568,0.908877407,0.76092062,0.782057304,0.676373884,0.591827149,0.676373884,0.824330672,0.993424143,0.887740723,0.951150775,0.824330672,0.824330672,0.824330672,0.845467356,0.845467356,0.845467356,0.845467356,0.887740723,0.951150775,0.930014091,0.866604039,0.612963833,0.634100517,0.718647252,0.634100517,0.782057304,0.655237201,0.612963833,0.634100517,0.612963833,0.782057304,0.76092062,0.76092062,0.803193988,0.697510568,0.655237201,0.739783936,0.76092062,0.718647252,0.612963833,4
0.890305562,0.791382721,0.534183337,0.702352165,0.870520994,0.929874698,0.870520994,0.633106177,0.761705869,0.890305562,0.830951858,0.890305562,0.751813585,0.91009013,0.870520994,0.890305562,0.850736426,0.870520994,0.534183337,0.741921301,0.949659266,0.850736426,0.890305562,0.830951858,0.603429325,0.707298307,0.81116729,0.771598153,0.583644757,0.499560343,0.477302704,0.654127281,0.830951858,0.633106177,0.553967905,0.474829633,0.484721917,0.440206639,0.625686964,0.81116729,0.613321609,0.553967905,0.464937349,0.450098923,0.413002858,0.641761926,0.870520994,0.751813585,0.791382721,0.593537041,0.514398769,0.455045065,0.534183337,0.613321609,0.850736426,0.81116729,0.603429325,0.667729171,0.732029017,0.712244449,0.672675313,0.692459881,0.692459881,0.672675313,0.81116729,0.751813585,0.771598153,0.850736426,0.830951858,0.870520994,0.850736426,0.81116729,0.870520994,0.850736426,0.850736426,0.830951858,0.603429325,0.529237195,0.482248846,0.646708068,22
1.158124318,1.069792803,0.981461287,1.040348964,0.971646674,0.902944384,0.961832061,0.9912759,0.986368593,0.981461287,0.804798255,0.92257361,0.981461287,1.020719738,0.952017448,0.883315158,0.92257361,0.961832061,1.010905125,0.966739368,0.92257361,0.961832061,0.961832061,0.902944384,0.981461287,0.92257361,0.745910578,0.902944384,0.981461287,0.942202835,0.863685932,0.745910578,0.628135224,0.814612868,0.917666303,0.920119956,0.92257361,0.92257361,0.902944384,0.883315158,0.844056707,0.883315158,0.883315158,0.92257361,0.942202835,0.932388222,0.92257361,0.824427481,0.824427481,0.863685932,0.902944384,0.92257361,0.785169029,0.745910578,0.844056707,0.92257361,0.844056707,0.844056707,0.883315158,0.569247546,0.696837514,0.824427481,0.844056707,0.942202835,0.863685932,0.883315158,0.785169029,0.824427481,0.863685932,0.883315158,0.844056707,0.824427481,0.824427481,0.824427481,0.844056707,0.844056707,0.824427481,0.824427481,0.902944384,0.804798255,6
0.95176683,0.928553005,0.85891153,0.95176683,0.90533918,0.95176683,0.974980655,0.90533918,0.99819448,0.974980655,0.974980655,0.90533918,0.95176683,0.90533918,0.95176683,0.90533918,0.928553005,0.882125355,0.928553005,0.882125355,0.85891153,0.90533918,0.95176683,0.789270054,0.85891153,0.95176683,0.742842404,0.882125355,0.85891153,0.766056229,0.835697704,0.90533918,0.835697704,0.882125355,0.719628579,0.85891153,0.789270054,0.789270054,0.835697704,0.766056229,0.95176683,0.928553005,0.928553005,0.882125355,0.882125355,0.835697704,0.766056229,0.766056229,0.85891153,0.719628579,0.835697704,0.742842404,0.95176683,0.789270054,0.928553005,0.974980655,0.99819448,0.847304617,0.696414754,0.626773278,0.649987103,0.673200929,0.649987103,0.557131803,0.580345628,0.719628579,0.766056229,0.742842404,0.742842404,0.766056229,0.789270054,0.835697704,0.835697704,0.742842404,0.85891153,0.742842404,0.742842404,0.649987103,0.719628579,0.696414754,10
0.693474597,0.693474597,0.975198652,0.866843246,0.75848784,0.650132434,0.617625813,0.585119191,0.715145678,0.671803516,0.736816759,0.780158921,0.780158921,0.801830002,0.801830002,0.845172165,0.801830002,0.845172165,0.801830002,0.888514327,0.823501084,0.801830002,0.736816759,0.736816759,0.75848784,0.75848784,0.650132434,0.606790272,0.650132434,0.693474597,0.693474597,0.75848784,0.780158921,0.801830002,0.801830002,0.75848784,0.75848784,0.715145678,0.780158921,0.736816759,0.75848784,0.628461353,0.56344811,0.650132434,0.650132434,0.693474597,0.671803516,0.715145678,0.693474597,0.801830002,0.801830002,0.975198652,0.888514327,0.845172165,0.845172165,0.801830002,0.736816759,0.736816759,0.693474597,0.75848784,0.715145678,0.75848784,0.801830002,0.845172165,0.75848784,0.845172165,0.715145678,0.585119191,0.650132434,0.671803516,0.715145678,0.736816759,0.736816759,0.693474597,0.75848784,0.736816759,0.780158921,0.650132434,0.671803516,0.715145678,8
0.585910253,0.732387817,0.87886538,0.795163915,0.805626598,0.816089282,0.857940014,0.899790746,0.837014648,0.774238549,0.753313183,0.837014648,0.857940014,0.816089282,0.899790746,0.962566845,0.899790746,0.87886538,0.899790746,0.920716113,0.816089282,0.837014648,0.899790746,0.837014648,0.816089282,0.774238549,0.816089282,0.816089282,0.795163915,0.795163915,0.795163915,0.816089282,0.837014648,0.857940014,0.941641479,0.753313183,0.899790746,0.899790746,0.732387817,0.732387817,0.690537084,0.711462451,0.690537084,0.732387817,0.816089282,0.857940014,0.837014648,0.732387817,0.837014648,0.732387817,0.732387817,0.732387817,0.732387817,0.732387817,0.753313183,0.795163915,0.816089282,0.857940014,0.753313183,0.774238549,0.711462451,0.669611718,0.648686352,0.627760986,0.585910253,0.544059521,0.523134155,0.544059521,0.627760986,0.732387817,0.774238549,0.774238549,0.732387817,0.774238549,0.774238549,0.627760986,0.669611718,0.60683562,0.795163915,0.732387817,12
1.042806566,0.984872868,0.984872868,1.013839717,1.042806566,1.013839717,0.984872868,0.984872868,0.955906019,0.941422594,0.92693917,0.955906019,0.941422594,0.92693917,0.984872868,0.970389443,0.955906019,1.013839717,1.013839717,1.013839717,1.013839717,0.984872868,0.955906019,0.970389443,0.984872868,0.984872868,0.941422594,0.897972321,0.984872868,0.955906019,0.955906019,0.984872868,0.941422594,0.897972321,0.92693917,0.897972321,0.840038622,0.637270679,0.579336981,0.840038622,0.550370132,0.550370132,0.550370132,0.811071773,0.550370132,0.579336981,0.550370132,0.92693917,0.579336981,0.811071773,0.897972321,0.60830383,0.753138075,0.869005472,0.550370132,0.782104924,0.883488896,0.984872868,0.955906019,0.897972321,0.984872868,0.955906019,0.984872868,0.984872868,0.984872868,0.999356292,0.99211458,0.984872868,0.955906019,0.92693917,0.92693917,0.897972321,0.840038622,0.897972321,0.955906019,0.999356292,0.977631155,0.955906019,1.05728999,1.064531703,10
0.404733728,0.617751479,0.766863905,0.915976331,0.532544379,0.671005917,0.809467456,0.937278107,0.830769231,0.937278107,0.958579882,0.873372781,0.894674556,0.979881657,0.937278107,0.915976331,0.809467456,0.852071006,0.958579882,0.958579882,0.596449704,0.585798817,0.575147929,0.74556213,0.915976331,0.78816568,0.78816568,0.873372781,0.873372781,0.894674556,0.830769231,0.873372781,0.628402367,0.729585799,0.830769231,0.979881657,0.553846154,0.692307692,0.830769231,0.575147929,0.585798817,0.596449704,0.564497041,0.532544379,0.671005917,0.809467456,0.958579882,0.873372781,0.511242604,0.532544379,0.553846154,0.479289941,0.431360947,0.631065089,0.830769231,0.74556213,0.809467456,0.78816568,0.809467456,0.78816568,0.78816568,0.70295858,0.70295858,0.766863905,0.575147929,0.639053254,0.70295858,0.809467456,0.766863905,0.724260355,0.553846154,0.78816568,0.74556213,0.724260355,0.70295858,0.66035503,0.78816568,0.70295858,0.724260355,0.78816568,8
0.503806538,0.765785938,0.906851769,0.846394984,0.745633677,0.705329154,0.745633677,0.806090461,0.765785938,0.866547246,0.826242723,0.826242723,0.725481415,0.765785938,0.806090461,0.765785938,0.725481415,0.665024631,0.665024631,0.745633677,0.765785938,0.7859382,0.806090461,0.665024631,0.665024631,0.725481415,0.705329154,0.665024631,0.7859382,0.644872369,0.644872369,0.604567846,0.665024631,0.665024631,0.745633677,0.705329154,0.624720107,0.745633677,0.705329154,0.725481415,0.806090461,0.7859382,0.705329154,0.705329154,0.705329154,0.765785938,0.725481415,0.705329154,0.7859382,0.725481415,0.725481415,0.765785938,0.7859382,0.7859382,0.584415584,0.644872369,0.685176892,0.685176892,0.685176892,0.584415584,0.705329154,0.685176892,0.665024631,0.665024631,0.725481415,0.765785938,0.765785938,0.806090461,0.624720107,0.705329154,0.725481415,0.705329154,0.765785938,0.7859382,0.7859382,0.7859382,0.644872369,0.685176892,0.685176892,0.685176892,8
0.65258512,0.709331652,0.709331652,0.709331652,0.737704918,0.65258512,0.65258512,0.709331652,0.79445145,0.737704918,0.737704918,0.624211854,0.680958386,0.737704918,0.709331652,0.624211854,0.65258512,0.737704918,0.766078184,0.851197982,0.822824716,0.79445145,0.822824716,0.79445145,0.65258512,0.737704918,0.624211854,0.737704918,0.680958386,0.737704918,0.851197982,0.79445145,0.737704918,0.79445145,0.737704918,0.79445145,0.766078184,0.737704918,0.737704918,0.680958386,0.709331652,0.766078184,0.709331652,0.79445145,0.79445145,0.79445145,0.737704918,0.737704918,0.822824716,0.680958386,0.79445145,0.709331652,0.709331652,0.737704918,0.709331652,0.766078184,0.680958386,0.766078184,0.79445145,0.822824716,0.709331652,0.709331652,0.709331652,0.624211854,0.709331652,0.709331652,0.766078184,0.766078184,0.79445145,0.65258512,0.737704918,0.680958386,0.680958386,0.766078184,0.79445145,0.79445145,0.680958386,0.680958386,0.709331652,0.709331652,6
1.043233083,0.507518797,0.648496241,0.507518797,0.535714286,0.803571429,0.655545113,0.507518797,0.563909774,0.986842105,0.958646617,0.958646617,0.958646617,0.944548872,0.930451128,0.958646617,0.986842105,0.747180451,0.507518797,0.592105263,0.930451128,0.944548872,0.958646617,0.958646617,0.958646617,0.986842105,0.930451128,0.958646617,0.930451128,0.930451128,0.986842105,0.930451128,0.87406015,0.958646617,0.958646617,0.930451128,0.958646617,0.930451128,0.902255639,0.902255639,0.986842105,0.930451128,0.817669173,0.902255639,0.789473684,0.916353383,0.965695489,0.891682331,0.817669173,0.563909774,0.592105263,0.620300752,0.620300752,0.648496241,0.535714286,0.704887218,0.592105263,0.592105263,0.845864662,0.535714286,0.930451128,0.761278195,0.845864662,0.690789474,0.535714286,0.507518797,0.704887218,0.761278195,0.535714286,0.507518797,0.986842105,0.817669173,0.535714286,0.535714286,0.592105263,0.507518797,0.648496241,0.592105263,0.535714286,0.592105263,8
0.899129874,0.841121495,0.783113116,0.870125685,0.812117306,0.870125685,0.725104737,0.812117306,0.870125685,0.899129874,0.783113116,0.841121495,0.783113116,0.754108927,0.870125685,0.725104737,0.696100548,0.754108927,0.754108927,0.754108927,0.841121495,0.754108927,0.783113116,0.609087979,0.754108927,0.725104737,0.754108927,0.841121495,0.754108927,0.667096358,0.667096358,0.783113116,0.783113116,0.841121495,0.638092169,0.783113116,0.841121495,0.899129874,0.812117306,0.928134064,0.841121495,0.957138253,0.870125685,0.928134064,0.986142443,0.841121495,0.841121495,0.812117306,0.841121495,0.841121495,0.812117306,0.870125685,0.899129874,0.812117306,0.957138253,0.957138253,0.899129874,0.899129874,0.899129874,0.928134064,0.812117306,0.957138253,0.841121495,0.812117306,0.899129874,0.957138253,0.870125685,0.754108927,0.638092169,0.841121495,0.783113116,0.986142443,0.928134064,0.870125685,0.812117306,0.841121495,0.986142443,0.899129874,0.783113116,0.841121495,18
0.530749789,0.758213985,0.777169334,0.796124684,0.777169334,0.682392586,0.644481887,0.739258635,0.682392586,0.521272115,0.611310025,0.701347936,0.720303286,0.559182814,0.63974305,0.720303286,0.701347936,0.701347936,0.777169334,0.720303286,0.644481887,0.644481887,0.701347936,0.701347936,0.701347936,0.701347936,0.521272115,0.649220725,0.777169334,0.701347936,0.815080034,0.701347936,0.682392586,0.682392586,0.644481887,0.625526537,0.644481887,0.663437237,0.644481887,0.502316765,0.6207877,0.739258635,0.559182814,0.582877001,0.606571188,0.682392586,0.644481887,0.739258635,0.663437237,0.644481887,0.663437237,0.682392586,0.758213985,0.644481887,0.644481887,0.701347936,0.701347936,0.644481887,0.701347936,0.663437237,0.587615838,0.644481887,0.644481887,0.720303286,0.540227464,0.630265375,0.720303286,0.701347936,0.720303286,0.758213985,0.739258635,0.644481887,0.758213985,0.720303286,0.701347936,0.663437237,0.663437237,0.663437237,0.739258635,0.663437237,2
0.580645161,0.795698925,0.967741935,0.989247312,1,1.005376344,1.029569892,1.030913978,0.999327957,0.967741935,0.989247312,0.946236559,0.967741935,0.989247312,0.946236559,0.967741935,0.989247312,0.978494624,0.967741935,0.989247312,0.989247312,0.989247312,0.946236559,0.860215054,0.946236559,0.924731183,0.741935484,0.559139785,0.838709677,0.698924731,0.559139785,0.946236559,0.967741935,0.967741935,0.946236559,0.924731183,0.967741935,0.924731183,0.924731183,0.903225806,0.946236559,0.989247312,0.88172043,0.903225806,0.903225806,0.88172043,0.709677419,0.537634409,0.666666667,0.903225806,0.924731183,0.967741935,0.88172043,0.731182796,0.580645161,0.903225806,0.741935484,0.580645161,0.946236559,0.924731183,0.903225806,0.88172043,0.946236559,0.709677419,0.76344086,0.817204301,0.946236559,0.967741935,0.989247312,0.978494624,0.967741935,0.967741935,1.010752688,0.946236559,0.88172043,0.967741935,0.978494624,0.989247312,0.924731183,0.88172043,24
